player,year,age,ranking,points,tourn_played,matches,percentage_service,percentage_return,games_won_service,games_total_service,games_won_return,games_total_return
Pete Sampras,1991,20,6,0,0,71,87.39,26,721,825,209,804
Michael Stich,1991,23,4,0,0,99,87.26,24.1,925,1060,255,1058
Guy Forget,1991,26,7,0,0,84,86.15,24.56,784,910,223,908
Stefan Edberg,1991,25,1,0,0,93,85.36,33.33,892,1045,348,1044
Jim Courier,1991,21,2,0,0,78,84.53,29.52,754,892,258,874
Ivan Lendl,1991,31,5,0,0,73,84.48,29.44,773,915,272,924
Boris Becker,1991,24,3,0,0,62,84.34,26.98,668,792,215,797
Richard Krajicek,1991,20,45,0,0,46,84.07,20.78,496,590,122,587
Goran Ivanisevic,1991,20,16,0,0,64,83.81,21.66,559,667,146,674
Jakob Hlasek,1991,27,20,0,0,77,83.17,22.38,697,838,186,831
MaliVai Washington,1991,22,50,0,0,55,82.72,26.39,541,654,171,648
Shuzo Matsuoka,1991,24,69,0,0,44,82.39,22.27,393,477,106,476
Jan Siemerink,1991,21,26,0,0,51,82.17,22.71,553,673,149,656
Emilio Sanchez,1991,26,14,0,0,68,82.09,25,559,681,169,676
John McEnroe,1991,32,28,0,0,51,81.56,27.88,460,564,155,556
David Wheaton,1991,22,17,0,0,52,81.54,23.99,486,596,143,596
Karel Novacek,1991,26,8,0,0,88,80.34,25.75,801,997,256,994
Derrick Rostagno,1991,26,13,0,0,63,79.89,23.71,588,736,174,734
Wally Masur,1991,28,56,0,0,54,79.85,23.88,523,655,155,649
Andre Agassi,1991,21,10,0,0,56,79.72,28.73,519,651,185,644
Omar Camporese,1991,23,24,0,0,65,78.83,26.19,592,751,198,756
Brad Gilbert,1991,30,19,0,0,61,78.39,28.66,515,657,184,642
Anders Jarryd,1991,30,47,0,0,47,77.19,31.46,379,491,151,480
Marc Rosset,1991,21,60,0,0,53,76.69,19.77,398,519,104,526
Aaron Krickstein,1991,24,34,0,0,52,76.51,25.93,456,596,153,590
Javier Sanchez,1991,23,32,0,0,64,76.18,25.99,579,760,196,754
Alexander Volkov,1991,24,25,0,0,76,75.78,26.64,676,892,232,871
Patrik Kuhnen,1991,25,86,0,0,45,75.77,25.05,419,553,138,551
Michael Chang,1991,19,15,0,0,67,75.52,35.2,549,727,251,713
Petr Korda,1991,23,9,0,0,69,75.26,29.6,578,768,227,767
Sergi Bruguera,1991,20,11,0,0,73,75.22,33.16,607,807,260,784
Wayne Ferreira,1991,20,41,0,0,47,75.05,26.82,400,533,144,537
Richey Reneberg,1991,26,27,0,0,49,75,28.36,456,608,169,596
Paul Haarhuis,1991,25,37,0,0,54,74.6,28.18,417,559,155,550
Patrick McEnroe,1991,25,36,0,0,50,74.57,30.29,434,582,176,581
Martin Jaite,1991,27,46,0,0,48,74.45,26.04,373,501,131,503
Andrei Cherkasov,1991,21,21,0,0,73,74.44,28.35,594,798,224,790
Amos Mansdorf,1991,26,62,0,0,50,74.44,25.81,402,540,143,554
Magnus Gustafsson,1991,24,12,0,0,69,74.4,36.48,555,746,274,751
Francisco Clavet,1991,23,30,0,0,64,74.13,33,513,692,234,709
Carl-Uwe Steeb,1991,24,38,0,0,57,74.13,27.43,470,634,175,638
Goran Prpic,1991,27,18,0,0,70,73.61,32.17,558,758,240,746
Horst Skoff,1991,23,33,0,0,64,73.58,29.12,507,689,203,697
Jonas Svensson,1991,25,29,0,0,45,73.56,27.88,395,537,150,538
Todd Woodbridge,1991,20,77,0,0,48,72.76,26.47,390,536,140,529
Jaime Oncins,1991,21,64,0,0,44,72.6,28.96,318,438,128,442
Luiz Mattar,1991,NA,NA,NA,NA,46,72.53,22.51,338,466,106,471
Nicklas Kulti,1991,20,80,0,0,44,72.51,25.85,335,462,121,468
Christian Bergstrom,1991,24,44,0,0,53,72.16,31.61,425,589,189,598
Jean-Philippe Fleurian,1991,26,73,0,0,48,72.12,26.32,401,556,145,551
Thomas Muster,1991,24,35,0,0,49,71.95,36,372,517,189,525
Thierry Champion,1991,25,48,0,0,53,70.75,28.14,445,629,179,636
Cristiano Caratti,1991,21,42,0,0,44,69.7,25.88,398,571,147,568
Jordi Arrese,1991,27,23,0,0,58,69.37,34.34,453,653,227,661
Andrei Chesnokov,1991,25,31,0,0,51,69.2,35.14,382,552,195,555
Mark Koevermans,1991,23,71,0,0,45,68.78,26.64,304,442,118,443
Fabrice Santoro,1991,19,43,0,0,51,68.1,33.98,348,511,176,518
Renzo Furlan,1991,21,52,0,0,48,64.63,31.45,338,523,167,531
Marian Vajda,1991,26,97,0,0,44,62.37,29.27,310,497,144,492
Goran Ivanisevic,1992,21,4,0,0,80,88.78,20.37,807,909,186,913
Richard Krajicek,1992,21,10,0,0,72,86.85,21.75,779,897,191,878
Jim Courier,1992,22,1,0,0,87,86.81,29.84,882,1016,296,992
Michael Stich,1992,24,15,0,0,68,86.05,22.62,629,731,166,734
Pete Sampras,1992,21,3,0,0,91,85.62,26.68,869,1015,266,997
Guy Forget,1992,27,11,0,0,70,85.33,20.24,721,845,170,840
Stefan Edberg,1992,26,2,0,0,92,85.04,27.42,932,1096,297,1083
Boris Becker,1992,25,5,0,0,67,85.01,24.2,692,814,196,810
Wally Masur,1992,29,38,0,0,70,82.96,22.32,701,845,185,829
Ivan Lendl,1992,32,8,0,0,74,82.91,28.39,786,948,264,930
Marc Rosset,1992,22,35,0,0,69,82.51,22.39,533,646,146,652
Jim Grabb,1992,28,55,0,0,55,82.24,19.38,537,653,125,645
John McEnroe,1992,33,20,0,0,50,81.9,26.55,516,630,163,614
Magnus Larsson,1992,22,34,0,0,50,81.74,20.07,488,597,121,603
Arnaud Boetsch,1992,23,27,0,0,60,81.13,25.04,559,689,174,695
MaliVai Washington,1992,23,13,0,0,72,81.08,28.83,673,830,239,829
Andre Agassi,1992,22,9,0,0,57,79.84,33.67,487,610,203,603
Wayne Ferreira,1992,21,12,0,0,74,79.24,27.41,729,920,253,923
David Wheaton,1992,23,44,0,0,53,79.17,23,551,696,161,700
Cedric Pioline,1992,23,33,0,0,58,79.15,23.33,596,753,175,750
Jan Siemerink,1992,22,57,0,0,50,79.11,16.47,462,584,96,583
Brad Gilbert,1992,31,26,0,0,65,78.75,27.28,645,819,221,810
Sergi Bruguera,1992,21,16,0,0,68,78.57,32.71,506,644,211,645
Emilio Sanchez,1992,27,21,0,0,75,78.31,27.32,639,816,221,809
Amos Mansdorf,1992,27,25,0,0,62,78.12,24.63,589,754,184,747
Carl-Uwe Steeb,1992,25,29,0,0,62,78.02,26.06,529,678,178,683
Michael Chang,1992,20,6,0,0,80,77.96,36.7,697,894,323,880
Derrick Rostagno,1992,27,75,0,0,47,77.85,20.6,450,578,117,568
Omar Camporese,1992,24,42,0,0,53,77.72,23.13,485,624,145,627
Paul Haarhuis,1992,26,39,0,0,66,77.57,23.17,536,691,158,682
Karel Novacek,1992,27,23,0,0,68,77.39,29.88,527,681,205,686
Jakob Hlasek,1992,28,36,0,0,59,77.24,23.61,414,536,127,538
Carlos Costa,1992,24,14,0,0,61,77.12,31.84,536,695,220,691
Alexander Volkov,1992,25,17,0,0,80,77.04,26.59,718,932,247,929
Aaron Krickstein,1992,25,28,0,0,46,76.68,34.03,421,549,180,529
Thomas Muster,1992,25,18,0,0,62,76.62,29.16,531,693,205,703
Andrei Cherkasov,1992,22,32,0,0,70,76.47,24.17,546,714,174,720
Petr Korda,1992,24,7,0,0,92,76.32,31.39,780,1022,318,1013
Todd Woodbridge,1992,21,54,0,0,47,76.26,25.66,440,577,146,569
Mark Woodforde,1992,27,40,0,0,50,75.73,25.74,465,614,156,606
Javier Sanchez,1992,24,41,0,0,65,75.12,24.38,604,804,196,804
Magnus Gustafsson,1992,25,47,0,0,54,74.71,29.38,393,526,156,531
Alberto Mancini,1992,23,31,0,0,51,74.54,24.08,401,538,131,544
Jeff Tarango,1992,24,45,0,0,52,73.45,27.01,487,663,178,659
Marcelo Filippini,1992,25,60,0,0,50,73.37,27.12,383,522,144,531
Olivier Delaitre,1992,25,76,0,0,45,73.37,19.34,372,507,99,512
Francisco Clavet,1992,24,22,0,0,68,73.1,29.92,557,762,231,772
Stefano Pescosolido,1992,21,62,0,0,48,72.76,23.09,414,569,130,563
Gianluca Pozzi,1992,27,68,0,0,56,72.5,26.34,501,691,182,691
Jaime Yzaga,1992,25,49,0,0,49,72.38,28.2,380,525,150,532
Christian Bergstrom,1992,25,58,0,0,46,71.51,31.98,379,530,173,541
Jordi Arrese,1992,28,37,0,0,54,69.83,33.4,368,527,178,533
Fabrice Santoro,1992,20,43,0,0,51,69.63,31.18,353,507,159,510
Horst Skoff,1992,24,92,0,0,47,69.45,26.19,316,455,121,462
Jaime Oncins,1992,22,48,0,0,52,69.13,32.44,327,473,157,484
Andrei Chesnokov,1992,26,30,0,0,59,69.08,28.88,478,692,199,689
Thierry Champion,1992,26,98,0,0,51,67.73,28.37,382,564,160,564
Renzo Furlan,1992,22,53,0,0,55,67.32,33.57,379,563,192,572
Pete Sampras,1993,22,1,0,0,101,89.53,27.49,1069,1194,320,1164
Richard Krajicek,1993,22,15,0,0,57,86.75,20.45,655,755,153,748
Jim Courier,1993,23,3,0,0,75,86.64,29.49,843,973,279,946
Goran Ivanisevic,1993,22,7,0,0,75,86.22,21.33,726,842,180,844
Michael Stich,1993,25,2,0,0,98,86.1,22.33,979,1137,251,1124
Marc Rosset,1993,23,16,0,0,71,86.04,23.2,647,752,177,763
Boris Becker,1993,26,11,0,0,61,85.57,23.45,664,776,182,776
Thomas Muster,1993,26,9,0,0,98,83.54,33.33,939,1124,381,1143
Todd Martin,1993,23,13,0,0,68,83.23,25.03,685,823,204,815
Jonathan Stark,1993,22,38,0,0,51,83.06,21.11,510,614,129,611
Cedric Pioline,1993,24,10,0,0,78,82.5,25,844,1023,254,1016
Andre Agassi,1993,23,24,0,0,44,82.24,37.34,403,490,180,482
Amos Mansdorf,1993,28,25,0,0,67,81.59,26.68,607,744,195,731
Jan Siemerink,1993,23,53,0,0,49,81.4,18.93,512,629,117,618
Jamie Morgan,1993,22,64,0,0,49,81.32,17.26,531,653,112,649
Michael Chang,1993,21,8,0,0,87,81.19,32.53,816,1005,324,996
Marc-Kevin Goellner,1993,23,32,0,0,64,81.18,22.56,617,760,169,749
MaliVai Washington,1993,24,23,0,0,62,81.04,24.9,590,728,179,719
Richard Fromberg,1993,23,40,0,0,68,80.96,19.23,676,835,160,832
Kenneth Carlsen,1993,20,92,0,0,48,80.67,17.51,409,507,90,514
Stefan Edberg,1993,27,5,0,0,87,80.58,30.25,809,1004,304,1005
Wally Masur,1993,30,21,0,0,60,80.57,21.93,593,736,159,725
Arnaud Boetsch,1993,24,20,0,0,72,80.37,27.25,651,810,221,811
Karel Novacek,1993,28,17,0,0,68,80,25.61,624,780,200,781
Alexander Volkov,1993,26,18,0,0,74,79.91,26.56,704,881,230,866
Magnus Larsson,1993,23,39,0,0,57,79.67,20.15,533,669,136,675
Stephane Simian,1993,26,75,0,0,44,79.62,15.32,457,574,87,568
Carlos Costa,1993,25,26,0,0,71,79.43,31.78,645,812,259,815
Bryan Shelton,1993,28,97,0,0,44,79.41,18.37,455,573,106,577
Andrei Medvedev,1993,19,6,0,0,81,79.32,26.74,821,1035,277,1036
Ivan Lendl,1993,33,19,0,0,56,79.23,26.82,515,650,177,660
Jacco Eltingh,1993,23,63,0,0,48,79.23,16.18,431,544,88,544
Sergi Bruguera,1993,22,4,0,0,90,79.19,35.31,742,937,328,929
Jakob Hlasek,1993,29,71,0,0,52,78.61,21.05,441,561,120,570
Wayne Ferreira,1993,22,22,0,0,69,78.27,25.16,605,773,199,791
Mark Woodforde,1993,28,28,0,0,52,78.27,25.86,461,589,151,584
Chuck Adams,1993,22,69,0,0,50,78.25,22.2,500,639,141,635
Jason Stoltenberg,1993,23,44,0,0,48,78.1,24.03,428,548,130,541
Nicklas Kulti,1993,22,46,0,0,52,77.89,21.33,458,588,128,600
Henrik Holm,1993,25,48,0,0,55,77.84,20.93,527,677,140,669
Guillaume Raoux,1993,23,85,0,0,55,77.67,23.99,501,645,154,642
Richey Reneberg,1993,28,30,0,0,64,77.47,30.35,540,697,210,692
Paul Haarhuis,1993,27,42,0,0,60,77.39,24.08,534,690,163,677
Petr Korda,1993,25,12,0,0,77,77.05,31.97,611,793,251,785
Jonas Svensson,1993,27,33,0,0,62,77.03,28.74,587,762,215,748
Andrei Olhovskiy,1993,27,65,0,0,56,76.78,20.72,486,633,133,642
Brett Steven,1993,24,43,0,0,62,76.55,24.06,532,695,166,690
David Wheaton,1993,24,54,0,0,54,76.43,26.05,522,683,180,691
Magnus Gustafsson,1993,26,14,0,0,82,76.38,29.78,705,923,277,930
Javier Sanchez,1993,25,34,0,0,70,74.97,28.89,626,835,247,855
Emilio Sanchez,1993,28,41,0,0,54,74.96,23.04,497,663,150,651
Aaron Krickstein,1993,26,45,0,0,45,74.06,30.63,414,559,166,542
Carl-Uwe Steeb,1993,26,94,0,0,44,73.83,24.48,316,428,106,433
Brad Gilbert,1993,32,35,0,0,59,73.56,24.26,551,749,180,742
Jaime Yzaga,1993,26,31,0,0,57,73.56,28.77,459,624,183,636
Alex Corretja,1993,19,76,0,0,47,73.54,29.67,364,495,143,482
Alberto Berasategui,1993,20,36,0,0,47,73.38,34.1,386,526,178,522
Rodolphe Gilbert,1993,25,81,0,0,47,72.84,23.14,413,567,131,566
Christian Bergstrom,1993,26,52,0,0,46,72.76,25.23,398,547,139,551
Andrei Cherkasov,1993,23,37,0,0,68,72.34,26.68,544,752,203,761
Patrick McEnroe,1993,27,73,0,0,46,71.77,29.03,361,503,144,496
Bernd Karbacher,1993,25,57,0,0,46,71.45,22.53,423,592,132,586
Renzo Furlan,1993,23,72,0,0,55,70.97,28.36,423,596,171,603
Andrei Chesnokov,1993,27,27,0,0,68,70.78,31.88,528,746,242,759
Jeff Tarango,1993,25,91,0,0,50,70.16,26.8,395,563,153,571
Ronald Agenor,1993,29,58,0,0,44,69.92,26.68,365,522,139,521
Marcos Ondruska,1993,21,47,0,0,61,69.6,29.45,435,625,182,618
Fabrice Santoro,1993,21,55,0,0,52,69.3,29.81,395,570,169,567
Marcelo Filippini,1993,26,87,0,0,44,67.42,26.48,329,488,130,491
Tomas Carbonell,1993,25,89,0,0,46,66.18,30.04,362,547,164,546
Francisco Clavet,1993,25,100,0,0,46,65.76,29.79,338,514,157,527
Pete Sampras,1994,23,1,0,0,89,88.1,29.38,896,1017,290,987
Richard Krajicek,1994,23,17,0,0,47,87.06,23.28,471,541,125,537
Goran Ivanisevic,1994,23,5,0,0,92,86.51,21.63,930,1075,233,1077
Boris Becker,1994,27,3,0,0,66,86.49,23.45,685,792,185,789
Michael Stich,1994,26,9,0,0,84,85.55,24.23,817,955,229,945
Magnus Larsson,1994,24,19,0,0,61,84.94,21.96,547,644,141,642
Jacco Eltingh,1994,24,23,0,0,65,84.48,16.47,664,786,128,777
Greg Rusedski,1994,NA,NA,NA,NA,50,83.89,15.34,573,683,104,678
Kenneth Carlsen,1994,NA,NA,NA,NA,45,83.67,17.24,410,490,85,493
Patrick Rafter,1994,21,20,0,0,73,83.66,17.52,758,906,157,896
Todd Martin,1994,24,10,0,0,73,83.64,25.06,777,929,227,906
Jim Courier,1994,24,13,0,0,66,83.42,28.74,639,766,215,748
Marc-Kevin Goellner,1994,24,79,0,0,52,83.13,14.7,483,581,86,585
Jonathan Stark,1994,23,65,0,0,49,83.1,17.29,472,568,97,561
Andre Agassi,1994,24,2,0,0,66,82.86,34,667,805,273,803
Marc Rosset,1994,24,14,0,0,75,82.46,21.46,724,878,191,890
David Wheaton,1994,25,39,0,0,46,82.29,21.9,460,559,122,557
Stefan Edberg,1994,28,7,0,0,86,82.08,31.24,733,893,279,893
Daniel Vacek,1994,23,45,0,0,51,82.05,16.69,567,691,114,683
Ivan Lendl,1994,34,55,0,0,46,82,27.91,419,511,144,516
Wayne Ferreira,1994,23,12,0,0,95,81.55,28.71,906,1111,319,1111
Michael Chang,1994,22,6,0,0,87,81.31,32.78,796,979,314,958
Chuck Adams,1994,23,44,0,0,50,81.21,18.12,471,580,104,574
Jared Palmer,1994,23,36,0,0,47,81.03,23.52,470,580,135,574
Thomas Muster,1994,27,16,0,0,83,80.13,31.77,754,941,298,938
Richard Fromberg,1994,24,58,0,0,53,79.63,18.72,567,712,132,705
Sergi Bruguera,1994,23,4,0,0,91,79.41,35.11,802,1010,350,997
Jason Stoltenberg,1994,24,21,0,0,63,79.34,27.75,580,731,202,728
Karel Novacek,1994,29,28,0,0,70,79.3,21.4,659,831,180,841
Andrei Olhovskiy,1994,28,97,0,0,52,78.95,19.63,510,646,128,652
MaliVai Washington,1994,25,30,0,0,59,78.78,26.23,594,754,198,755
Arnaud Boetsch,1994,25,53,0,0,53,78.52,24.21,424,540,131,541
Jakob Hlasek,1994,30,70,0,0,50,77.99,20.68,418,536,110,532
Mark Woodforde,1994,29,43,0,0,57,77.51,24.1,479,618,148,614
Yevgeny Kafelnikov,1994,20,11,0,0,95,77.36,29.57,820,1060,309,1045
Andrei Medvedev,1994,20,15,0,0,52,77.34,30.45,505,653,201,660
Aaron Krickstein,1994,27,35,0,0,55,77.25,27.61,533,690,188,681
Marcelo Filippini,1994,27,60,0,0,45,77.1,30.46,303,393,120,394
Paul Haarhuis,1994,28,37,0,0,50,76.8,22.94,417,543,125,545
Petr Korda,1994,26,18,0,0,60,76.51,29,508,664,192,662
Karsten Braasch,1994,27,56,0,0,57,76.38,20.79,498,652,137,659
Richey Reneberg,1994,29,34,0,0,57,76.35,29.51,523,685,203,688
Younes El Aynaoui,1994,NA,NA,NA,NA,45,76.19,17.77,368,483,86,484
Nicklas Kulti,1994,23,99,0,0,46,76.13,21.61,453,595,129,597
Cedric Pioline,1994,25,51,0,0,62,75.75,24.25,581,767,186,767
Carlos Costa,1994,26,27,0,0,66,75.23,30.41,577,767,236,776
Olivier Delaitre,1994,27,49,0,0,46,75,23.99,402,536,130,542
Alexander Volkov,1994,27,25,0,0,74,74.94,25,658,878,220,880
Henrik Holm,1994,26,67,0,0,44,74.64,23.23,412,552,128,551
Amos Mansdorf,1994,29,69,0,0,49,74.55,22.28,413,554,123,552
Alberto Berasategui,1994,21,8,0,0,91,74.42,36.83,742,997,365,991
Jonas Bjorkman,1994,22,50,0,0,57,74.32,28.81,521,701,204,708
Jeff Tarango,1994,26,78,0,0,50,74.25,25,421,567,141,564
Andrea Gaudenzi,1994,21,24,0,0,69,74.23,27.61,533,718,201,728
Bernd Karbacher,1994,26,26,0,0,63,74.23,24.8,556,749,185,746
Javier Sanchez,1994,26,42,0,0,58,74.15,22.69,479,646,147,648
Brett Steven,1994,25,87,0,0,49,73.76,24.54,402,545,132,538
Alex Corretja,1994,20,22,0,0,66,73.59,31.28,613,833,259,828
Francisco Clavet,1994,26,38,0,0,46,72.61,30.66,403,555,172,561
Byron Black,1994,25,66,0,0,50,72.19,22.61,392,543,123,544
Stefano Pescosolido,1994,NA,NA,NA,NA,44,72.01,23.09,373,518,118,511
Jaime Yzaga,1994,27,31,0,0,63,71.94,27.35,523,727,201,735
David Rikl,1994,23,80,0,0,47,71.76,21.13,376,524,112,530
Renzo Furlan,1994,24,41,0,0,58,71.38,29.54,454,636,192,650
Lars Jonsson,1994,NA,NA,NA,NA,44,70.85,27.64,350,494,136,492
Andrei Chesnokov,1994,28,32,0,0,67,70.59,31.62,516,731,234,740
Jordi Burillo,1994,NA,NA,NA,NA,52,69.12,25.44,385,557,145,570
Tomas Carbonell,1994,26,62,0,0,55,68.61,32.2,424,618,199,618
Slava Dosedel,1994,24,29,0,0,61,67.82,36.1,451,665,239,662
Gilbert Schaller,1994,25,48,0,0,51,67.56,29.91,352,521,160,535
Jordi Arrese,1994,30,86,0,0,46,67.37,32.95,351,521,173,525
Pete Sampras,1995,24,1,0,0,88,89.01,25.96,980,1101,278,1071
Boris Becker,1995,28,4,0,0,72,88.07,23.14,768,872,202,873
Andre Agassi,1995,25,2,0,0,82,87.35,35.68,801,917,330,925
Richard Krajicek,1995,24,11,0,0,67,86.1,19.95,669,777,153,767
Goran Ivanisevic,1995,24,10,0,0,70,86.08,19.79,668,776,154,778
Mark Philippoussis,1995,19,38,0,0,44,86.02,19.69,437,508,100,508
Jim Courier,1995,25,8,0,0,83,85.92,25.59,854,994,249,973
Greg Rusedski,1995,22,37,0,0,61,85.39,17.45,643,753,130,745
Michael Stich,1995,27,12,0,0,66,84.76,25.17,634,748,184,731
Magnus Larsson,1995,25,17,0,0,50,84.4,22.93,514,609,141,615
Marc Rosset,1995,25,15,0,0,62,84.13,21.55,583,693,150,696
Kenneth Carlsen,1995,22,72,0,0,50,83.81,17.02,497,593,103,605
Todd Martin,1995,25,18,0,0,72,83.58,22.44,672,804,180,802
Guy Forget,1995,30,71,0,0,45,83.3,17.38,449,539,93,535
Michael Chang,1995,23,5,0,0,84,82.68,31.94,845,1022,320,1002
Jan Siemerink,1995,25,21,0,0,66,82.31,18.93,628,763,142,750
Yevgeny Kafelnikov,1995,21,6,0,0,105,81.91,29.99,874,1067,311,1037
Daniel Vacek,1995,24,27,0,0,63,81.52,17.87,569,698,124,694
David Wheaton,1995,26,44,0,0,52,81.44,22.48,531,652,145,645
Thomas Enqvist,1995,21,7,0,0,86,80.81,32.43,762,943,300,925
Thomas Muster,1995,28,3,0,0,104,80.79,35.92,967,1197,431,1200
Jacco Eltingh,1995,25,43,0,0,54,80.72,18.82,557,690,128,680
Patrick Rafter,1995,22,66,0,0,57,79.94,20.41,554,693,139,681
Stefan Edberg,1995,29,23,0,0,62,79.62,30.19,551,692,211,699
Wayne Ferreira,1995,24,9,0,0,84,79.38,27.95,789,994,275,984
Marc-Kevin Goellner,1995,25,78,0,0,47,79.35,18.64,465,586,107,574
Brett Steven,1995,26,42,0,0,60,78.88,24,523,663,156,650
MaliVai Washington,1995,26,26,0,0,60,78.74,25.51,537,682,175,686
Patrick McEnroe,1995,29,34,0,0,54,78.56,24.77,535,681,164,662
Jakob Hlasek,1995,31,35,0,0,62,78.4,23.88,559,713,170,712
Cedric Pioline,1995,26,54,0,0,55,78.03,21.25,451,578,122,574
Marcelo Rios,1995,19,25,0,0,62,77.99,28.51,528,677,195,684
Sergi Bruguera,1995,24,13,0,0,59,77.09,32.59,461,598,189,580
Albert Costa,1995,20,24,0,0,55,77,28.75,492,639,182,633
Richey Reneberg,1995,30,57,0,0,45,76.85,23.54,405,527,125,531
Mark Woodforde,1995,30,51,0,0,58,76.79,26.05,516,672,174,668
Todd Woodbridge,1995,24,33,0,0,56,76.67,24.2,483,630,152,628
Renzo Furlan,1995,25,29,0,0,71,76.57,25.99,598,781,203,781
Petr Korda,1995,27,41,0,0,50,76.47,25.75,481,629,163,633
Paul Haarhuis,1995,29,19,0,0,59,76.28,21.88,537,704,154,704
Arnaud Boetsch,1995,26,14,0,0,78,76.26,26.18,694,910,239,913
Byron Black,1995,26,40,0,0,56,76.2,23.13,445,584,136,588
Alexander Volkov,1995,28,47,0,0,62,75.9,24.54,529,697,174,709
Andrei Medvedev,1995,21,16,0,0,67,75.84,29.68,584,770,230,775
Jonas Bjorkman,1995,23,30,0,0,63,74.27,28.96,537,723,214,739
Andrea Gaudenzi,1995,22,22,0,0,60,74.03,27.87,456,616,177,635
Olivier Delaitre,1995,28,98,0,0,44,73.6,20.72,382,519,109,526
Bernd Karbacher,1995,27,39,0,0,52,72.88,25.55,438,601,151,591
Javier Sanchez,1995,27,36,0,0,64,72.63,28.38,536,738,210,740
Alberto Berasategui,1995,22,32,0,0,67,72.6,29.93,559,770,229,765
Alex Corretja,1995,21,48,0,0,51,72.29,29.55,420,581,172,582
Vincent Spadea,1995,21,81,0,0,49,71.91,28.87,407,566,164,568
Gilbert Schaller,1995,26,20,0,0,73,71.87,33.65,603,839,287,853
Slava Dosedel,1995,25,60,0,0,54,71.55,31.4,410,573,179,570
Jason Stoltenberg,1995,25,80,0,0,47,70.75,27.92,370,523,146,523
Carlos Costa,1995,27,31,0,0,54,70.42,31.75,431,612,194,611
Francisco Clavet,1995,27,49,0,0,57,70.05,33.74,463,661,223,661
Andrei Chesnokov,1995,29,89,0,0,45,69.96,28.54,312,446,129,452
Karol Kucera,1995,21,79,0,0,51,69.03,25.8,350,507,129,500
Bohdan Ulihrach,1995,20,28,0,0,51,68.98,35.88,378,548,202,563
Tomas Carbonell,1995,27,74,0,0,52,68.35,30.93,434,635,197,637
Pete Sampras,1996,25,1,4865,17,76,91.01,21.05,941,1034,212,1007
Goran Ivanisevic,1996,25,4,3492,27,103,89.25,20.64,1029,1153,238,1153
Boris Becker,1996,29,6,2983,17,56,86.27,24.22,578,670,162,669
Greg Rusedski,1996,23,48,871,26,68,85.88,18.01,651,758,136,755
Richard Krajicek,1996,25,7,2380,23,74,85.1,21.74,771,906,195,897
Patrick Rafter,1996,24,62,741,20,45,84.92,24.8,428,504,125,504
Mark Philippoussis,1996,20,30,1242,23,56,84.59,18.98,560,662,123,648
Marc Rosset,1996,26,22,1406,26,67,84.53,20.85,634,750,157,753
Todd Martin,1996,26,12,2039,21,76,84.5,26.04,763,903,231,887
Yevgeny Kafelnikov,1996,22,3,3564,27,105,82.82,27.22,1012,1222,325,1194
Jan Siemerink,1996,26,15,1530,28,66,82.51,17.48,670,812,139,795
Guy Forget,1996,31,51,850,24,48,82.48,18.87,513,622,117,620
Martin Damm,1996,24,50,859,30,62,82.41,18.31,628,762,139,759
Jim Courier,1996,26,26,1299,17,45,82.21,25.66,476,579,146,569
Cedric Pioline,1996,27,21,1455,21,67,82.12,26.97,551,671,178,660
Marc-Kevin Goellner,1996,26,53,821,24,49,81.69,20.95,473,579,119,568
Michael Chang,1996,24,2,3597,21,84,81.54,35.28,795,975,333,944
Kenneth Carlsen,1996,23,73,636,26,46,81.46,16.46,391,480,80,486
Thomas Muster,1996,29,5,3166,27,88,81.45,32.4,808,992,324,1000
Wayne Ferreira,1996,25,10,2149,26,77,81.17,24.34,681,839,204,838
Mark Woodforde,1996,31,27,1287,24,57,81.06,23.78,552,681,161,677
Javier Frana,1996,30,80,600,20,47,80.58,19.93,444,551,112,562
Thomas Enqvist,1996,22,9,2191,28,87,80.53,29.5,728,904,264,895
Tim Henman,1996,22,29,1243,24,65,80.51,21.83,570,708,153,701
Stefan Edberg,1996,30,14,1567,26,72,80.4,28.89,677,842,247,855
Guillaume Raoux,1996,26,72,651,22,44,80.12,20.82,415,518,107,514
MaliVai Washington,1996,27,20,1472,22,57,79.64,22.85,485,609,138,604
Magnus Gustafsson,1996,29,17,1515,20,54,79.54,31.92,447,562,181,567
Daniel Vacek,1996,25,71,661,28,58,79.5,17.63,481,605,107,607
Thomas Johansson,1996,21,60,763,25,49,79.36,25,469,591,149,596
Jakob Hlasek,1996,32,74,629,26,55,79.17,18.98,479,605,115,606
Magnus Larsson,1996,26,46,881,23,52,78.68,23.38,476,605,141,603
Albert Costa,1996,21,13,1757,29,81,78.36,30.67,717,915,280,913
Andrei Medvedev,1996,22,35,1114,23,56,77.79,28.66,515,662,190,663
Hendrik Dreekmann,1996,21,49,870,23,45,77.78,20.41,385,495,100,490
Vincent Spadea,1996,22,54,787,25,49,77.74,27.63,461,593,163,590
Richey Reneberg,1996,31,32,1203,25,62,77.73,27.57,576,741,201,729
Petr Korda,1996,28,24,1332,18,61,77.54,30.06,518,668,196,652
Marcelo Rios,1996,21,11,2114,26,82,77.52,28.74,669,863,246,856
David Prinosil,1996,23,39,994,25,55,77.17,23.19,463,600,138,595
Alex Corretja,1996,22,23,1385,26,62,77.05,28.48,574,745,211,741
Arnaud Boetsch,1996,27,33,1183,25,59,76.89,23.66,489,636,150,634
Renzo Furlan,1996,26,40,993,26,64,76.46,24.38,510,667,166,681
Jason Stoltenberg,1996,26,31,1226,26,63,76.34,26.84,497,651,175,652
Andre Agassi,1996,26,8,2364,14,52,76.19,31.48,448,588,187,594
Sjeng Schalken,1996,20,65,718,27,53,76.18,23.53,483,634,152,646
Carlos Moya,1996,20,28,1283,32,71,76.15,30.21,594,780,235,778
Paul Haarhuis,1996,30,25,1312,27,60,75.71,22.99,530,700,163,709
Adrian Voinea,1996,22,45,885,26,56,75.43,23.76,485,643,149,627
Alberto Berasategui,1996,23,19,1477,32,72,75.13,31.81,589,784,251,789
Sergi Bruguera,1996,25,82,590,19,47,74.9,25.05,364,486,121,483
Todd Woodbridge,1996,25,36,1039,23,61,74.7,26.37,490,656,169,641
Bernd Karbacher,1996,28,57,775,27,44,74.67,23.86,401,537,126,528
Francisco Clavet,1996,28,34,1118,30,65,74.08,30.15,546,737,224,743
Filip Dewulf,1996,24,96,513,33,54,73.71,23.39,443,601,142,607
Hernan Gumy,1996,24,42,903,30,60,73.41,26.13,472,643,168,643
Byron Black,1996,27,44,886,27,63,73.35,26.11,501,683,177,678
Jiri Novak,1996,21,52,830,25,55,73.23,28.95,465,635,187,646
Jonas Bjorkman,1996,24,69,710,25,50,73.07,28,464,635,182,650
Javier Sanchez,1996,28,37,1024,37,63,72.76,23.78,545,749,180,757
Karol Kucera,1996,22,63,734,27,49,71.91,28.4,361,502,140,493
Felix Mantilla,1996,22,18,1505,33,75,71.53,32.99,633,885,291,882
Bohdan Ulihrach,1996,21,41,965,31,68,71.41,29.05,532,745,219,754
Andrea Gaudenzi,1996,23,55,787,26,58,70.36,29.56,406,577,175,592
Christian Ruud,1996,24,59,764,29,52,69.28,30.96,336,485,152,491
Tomas Carbonell,1996,28,75,627,28,46,69.15,25.99,381,551,144,554
Carlos Costa,1996,28,61,754,24,52,66.13,34.28,373,564,194,566
Gilbert Schaller,1996,27,93,519,29,44,65.59,31.43,326,497,160,509
Greg Rusedski,1997,24,6,2617,22,76,91.57,16.68,869,949,156,935
Richard Krajicek,1997,26,11,2299,22,68,90.61,21.09,753,831,174,825
Pete Sampras,1997,26,1,4547,16,67,90.44,27.72,700,774,209,754
Goran Ivanisevic,1997,26,15,2176,23,75,87.59,19.1,755,862,166,869
Mark Philippoussis,1997,21,18,1809,21,69,86.49,16.75,717,829,136,812
Patrick Rafter,1997,25,2,3210,26,94,84.82,24.26,933,1100,261,1076
Thomas Enqvist,1997,23,28,1312,22,62,84.04,24.96,532,633,153,613
Magnus Larsson,1997,27,25,1376,21,65,83.33,23.53,645,774,180,765
Albert Costa,1997,22,19,1778,22,66,82.98,27.67,580,699,194,701
Tim Henman,1997,23,17,1929,26,72,82.84,23.2,705,851,197,849
Petr Korda,1997,29,13,2261,24,79,82.81,23.87,785,948,222,930
Guillaume Raoux,1997,27,47,861,27,53,81.94,18.54,508,620,114,615
Alex Radulescu,1997,23,71,665,29,50,81.8,15.35,517,632,97,632
Thomas Muster,1997,30,9,2353,23,70,81.5,24.58,630,773,192,781
Marcelo Rios,1997,22,10,2317,26,86,80.99,27.2,805,994,272,1000
Michael Chang,1997,25,3,3189,22,78,80.73,33.41,725,898,292,874
Chris Woodruff,1997,24,30,1234,22,55,80.58,26.15,527,654,171,654
Kenneth Carlsen,1997,24,75,640,29,54,80.3,19.67,489,609,121,615
Jim Courier,1997,27,21,1528,22,56,80.12,24.85,528,659,162,652
Marc-Kevin Goellner,1997,27,51,812,34,58,80.09,17.28,547,683,118,683
Jan Siemerink,1997,27,78,622,28,52,79.97,16.53,483,604,98,593
Jonas Bjorkman,1997,25,4,2949,26,97,79.96,31.6,818,1023,328,1038
Gustavo Kuerten,1997,21,14,2215,26,61,79.95,24.42,586,733,180,737
Richard Fromberg,1997,27,77,631,32,44,79.93,20.04,446,558,110,549
Cedric Pioline,1997,28,20,1534,25,64,79.89,25.92,604,756,198,764
Magnus Norman,1997,21,22,1450,27,68,79.88,23.03,643,805,184,799
Martin Damm,1997,25,61,718,26,51,79.83,17.58,479,600,106,603
Yevgeny Kafelnikov,1997,23,5,2690,27,82,79.43,27.28,757,953,254,931
Marc Rosset,1997,27,31,1222,32,66,79.37,20.6,581,732,152,738
Alex O'Brien,1997,27,98,489,28,50,79.37,20.35,504,635,128,629
Felix Mantilla,1997,23,16,2110,27,75,79.25,32.94,680,858,276,838
Thomas Johansson,1997,22,39,959,29,59,78.89,26.54,553,701,189,712
Alex Corretja,1997,23,12,2275,26,71,78.71,33.42,658,836,271,811
Sergi Bruguera,1997,26,8,2367,25,77,78.03,29.67,721,924,270,910
Paul Haarhuis,1997,31,70,666,25,49,77.57,22.33,460,593,134,600
Magnus Gustafsson,1997,30,37,990,19,46,77.3,27.38,453,586,161,588
Dominik Hrbaty,1997,19,40,952,30,50,77.1,22.67,441,572,129,569
Jeff Tarango,1997,29,49,843,30,60,76.88,26.15,542,705,182,696
Renzo Furlan,1997,27,100,486,28,50,76.88,19.9,449,584,118,593
Wayne Ferreira,1997,26,42,910,22,51,76.77,25.33,466,607,154,608
Filip Dewulf,1997,25,41,942,26,46,76.71,25.69,415,541,140,545
Mark Woodforde,1997,32,46,866,25,54,76.49,25.64,501,655,169,659
Andrei Medvedev,1997,23,27,1314,24,58,76.04,27.46,476,626,173,630
Juan Albert Viloca-Puig,1997,24,72,655,34,46,76.02,21.16,409,538,113,534
Fabrice Santoro,1997,25,29,1267,28,56,75.85,26.94,471,621,170,631
Todd Woodbridge,1997,26,26,1319,20,51,75.83,30.07,458,604,178,592
Byron Black,1997,28,76,633,26,55,75.44,26.76,430,570,156,583
Daniel Vacek,1997,26,53,782,30,45,75.39,18.36,383,508,94,512
Bohdan Ulihrach,1997,22,34,1143,29,55,74.88,26.71,459,613,168,629
Marcelo Filippini,1997,30,44,886,29,53,74.81,27.61,398,532,148,536
Carlos Moya,1997,21,7,2508,29,86,74.54,30.83,723,970,300,973
Vincent Spadea,1997,23,88,536,31,46,74.54,23.56,407,546,127,539
Fernando Meligeni,1997,26,67,691,27,46,74.27,27.24,381,513,137,503
Hernan Gumy,1997,25,84,545,28,54,73.43,26.46,434,591,159,601
Francisco Clavet,1997,29,33,1198,28,65,73.34,31.65,564,769,245,774
Karim Alami,1997,24,55,748,33,52,73.18,23.79,401,548,133,559
Alberto Berasategui,1997,24,23,1425,31,66,72.95,31.76,526,721,229,721
David Prinosil,1997,24,89,533,26,44,72.84,20.33,354,486,98,482
Javier Sanchez,1997,29,54,776,36,68,72.77,25.78,572,786,206,799
Hicham Arazi,1997,24,38,960,31,57,71.63,27.44,467,652,180,656
Christian Ruud,1997,25,65,708,25,54,71.15,24.04,402,565,137,570
Karol Kucera,1997,23,24,1423,30,64,70.4,30.21,459,652,197,652
Richard Krajicek,1998,27,10,2548,18,60,89.17,21.4,708,794,171,799
Pete Sampras,1998,27,1,3915,22,78,88.73,24.55,858,967,234,953
Greg Rusedski,1998,25,9,2573,25,75,88.03,17.83,787,894,158,886
Patrick Rafter,1998,25,4,3315,26,81,87.6,24.66,848,968,236,957
Jan Siemerink,1998,28,19,1669,26,66,85.95,18.31,691,804,145,792
Goran Ivanisevic,1998,27,12,2137,28,72,85.68,17.72,808,943,162,914
Marcelo Rios,1998,23,2,3670,23,85,85,33.26,748,880,297,893
Mark Philippoussis,1998,22,15,1792,19,53,84.94,20.46,592,697,141,689
Andre Agassi,1998,28,6,2879,20,86,84.85,32.16,795,937,302,939
Todd Martin,1998,28,16,1774,22,65,84.57,23.01,674,797,182,791
Thomas Enqvist,1998,24,22,1500,17,51,83.49,27.12,526,630,166,612
Kenneth Carlsen,1998,25,83,606,27,48,82.36,19.58,467,567,113,577
Gustavo Kuerten,1998,22,23,1472,26,66,81.5,23.6,630,773,181,767
Richard Fromberg,1998,28,40,937,35,57,81.15,21.27,607,748,157,738
Thomas Johansson,1998,23,17,1761,30,76,80.79,24.95,736,911,230,922
Tim Henman,1998,24,7,2620,29,88,80.25,25.95,841,1048,266,1025
Alex Corretja,1998,24,3,3398,24,78,80.02,27.76,765,956,259,933
Jerome Golmard,1998,25,47,883,25,46,79.71,20.69,440,552,114,551
Guillaume Raoux,1998,28,53,803,27,54,79.67,16.51,525,659,108,654
Michael Chang,1998,26,29,1242,18,52,79.61,30.09,527,662,195,648
Marc Rosset,1998,28,31,1201,28,57,79.59,18.35,499,627,118,643
Daniel Vacek,1998,27,50,842,32,55,79.44,18.59,510,642,119,640
Yevgeny Kafelnikov,1998,24,11,2515,31,86,78.85,26.11,779,988,253,969
Martin Damm,1998,26,76,657,29,48,78.83,17.09,432,548,95,556
Jason Stoltenberg,1998,28,27,1280,23,59,78.79,26.32,561,712,184,699
Felix Mantilla,1998,24,20,1643,26,68,78.56,27.82,634,807,227,816
Magnus Gustafsson,1998,31,32,1187,24,61,78.46,30.98,539,687,215,694
Albert Costa,1998,23,14,1823,26,72,78.32,29.61,654,835,244,824
Ramon Delgado,1998,22,56,784,28,48,78.23,21.57,406,519,110,510
Jan-Michael Gambill,1998,21,38,983,24,55,78.18,24,516,660,156,650
Wayne Ferreira,1998,27,26,1285,24,60,78.08,24.37,552,707,173,710
Cedric Pioline,1998,29,18,1710,25,70,77.92,24.1,660,847,201,834
Tommy Haas,1998,20,34,1044,26,67,77.62,25.43,555,715,177,696
Francisco Clavet,1998,30,30,1216,28,68,77.47,29.85,643,830,251,841
Carlos Moya,1998,22,5,3159,24,77,77.38,28.33,715,924,264,932
Petr Korda,1998,30,13,2114,21,55,77.32,29.06,525,679,195,671
David Prinosil,1998,25,78,633,26,46,77.31,19.96,443,573,113,566
Nicolas Kiefer,1998,21,35,1007,25,63,77.27,26.19,561,726,187,714
Mark Woodforde,1998,33,58,773,25,51,77.15,23.54,466,604,141,599
Andrei Pavel,1998,24,68,710,30,46,77.08,24.38,370,480,118,484
Byron Black,1998,29,28,1259,26,65,76.99,30.4,572,743,228,750
Andrei Medvedev,1998,24,62,725,23,48,76.77,26.04,433,564,150,576
Sjeng Schalken,1998,22,66,712,32,54,76.61,21.39,475,620,132,617
Thomas Muster,1998,31,25,1344,20,52,76.61,30.63,475,620,189,617
Filip Dewulf,1998,26,55,789,22,46,76.05,23.35,397,522,124,531
Dominik Hrbaty,1998,20,46,884,29,63,75.07,26.96,524,698,186,690
Karol Kucera,1998,24,8,2579,25,82,75.05,33.51,683,910,308,919
Nicolas Escude,1998,22,37,989,21,44,74.44,24.81,399,536,134,540
Andrea Gaudenzi,1998,25,44,926,26,59,74.35,26.9,487,655,177,658
Gianluca Pozzi,1998,33,61,730,34,51,74.19,24.12,411,554,137,568
Magnus Norman,1998,22,52,818,31,59,74.17,21.54,491,662,143,664
Jeff Tarango,1998,30,73,675,33,53,73.96,26.83,463,626,169,630
Hicham Arazi,1998,25,36,999,27,53,73.85,26.61,466,631,169,635
Jonas Bjorkman,1998,26,24,1439,24,65,73.52,30.21,522,710,216,715
Davide Sanguinetti,1998,26,48,853,30,63,73.49,28.7,499,679,196,683
Bohdan Ulihrach,1998,23,33,1077,30,63,73.21,27.72,522,713,199,718
Fabrice Santoro,1998,26,41,935,27,57,73.11,26.66,503,688,185,694
Vincent Spadea,1998,24,42,935,27,55,72.34,24.73,476,658,162,655
Slava Dosedel,1998,28,64,723,22,48,72.08,29.21,377,523,151,517
Galo Blanco,1998,22,82,612,30,45,72.06,23.55,361,501,118,501
Alberto Berasategui,1998,25,21,1556,27,56,71.77,31.15,483,673,209,671
Carlos Costa,1998,30,67,710,29,45,71.6,29.33,363,507,149,508
Wayne Black,1998,25,94,518,26,45,71.4,23.56,367,514,123,522
Julian Alonso,1998,NA,NA,NA,NA,48,70.49,20.79,375,532,111,534
Todd Woodbridge,1998,27,65,722,22,44,69.27,27.93,390,563,155,555
Nicolas Lapentti,1998,22,90,545,31,49,68.14,26.15,370,543,142,543
Juan Antonio Marin,1998,23,70,678,35,47,67.03,26.79,364,543,146,545
Pete Sampras,1999,28,3,3024,13,48,89.93,21.23,536,596,124,584
Richard Krajicek,1999,28,10,2095,21,64,89.27,23.63,649,727,173,732
Andre Agassi,1999,29,1,5048,17,77,88.4,33.83,770,871,297,878
Mark Philippoussis,1999,23,19,1570,17,52,87.04,18.8,571,656,122,649
Greg Rusedski,1999,26,14,1802,23,74,86.9,18.95,743,855,159,839
Todd Martin,1999,29,7,2408,17,62,85.93,20.4,696,810,165,809
Patrick Rafter,1999,26,16,1731,17,54,84.75,26.66,550,649,169,634
Jim Courier,1999,29,32,1071,20,52,83.83,18.91,539,643,121,640
Gustavo Kuerten,1999,23,5,2601,24,75,82.51,27.3,698,846,234,857
Marc Rosset,1999,29,45,947,28,54,82.31,19.87,498,605,123,619
Tommy Haas,1999,21,11,1921,23,73,82.26,21.86,705,857,186,851
Thomas Enqvist,1999,25,4,2606,26,76,81.54,26.1,733,899,231,885
Younes El Aynaoui,1999,28,33,1068,26,51,81.41,23.31,495,608,141,605
Lleyton Hewitt,1999,18,25,1429,19,64,80.88,31.34,567,701,220,702
Jan-Michael Gambill,1999,22,58,803,27,50,80.81,20.99,497,615,127,605
Tim Henman,1999,25,12,1920,25,73,80.66,25.69,738,915,234,911
Wayne Ferreira,1999,28,53,846,25,54,80.59,19.35,544,675,131,677
Goran Ivanisevic,1999,28,62,772,27,48,80.16,16.75,497,620,103,615
Magnus Norman,1999,23,15,1748,27,66,80,31.68,592,740,236,745
Albert Costa,1999,24,18,1572,25,62,79.76,26.57,595,746,199,749
Nicolas Kiefer,1999,22,6,2447,23,79,79.73,28.93,716,898,252,871
Alex Corretja,1999,25,26,1319,22,60,79.19,25.98,590,745,192,739
David Prinosil,1999,26,66,745,25,45,78.88,22.16,407,516,113,510
Nicolas Lapentti,1999,23,8,2284,23,82,78.76,27.18,734,932,252,927
Yevgeny Kafelnikov,1999,25,2,3465,30,93,78.51,27.93,855,1089,298,1067
Dominik Hrbaty,1999,21,21,1499,27,70,78.27,28.11,634,810,226,804
Cedric Pioline,1999,30,13,1814,29,75,78.12,21.36,664,850,182,852
Marat Safin,1999,19,24,1437,30,71,77.83,22.74,646,830,189,831
Marcelo Rios,1999,24,9,2245,19,65,77.76,31.16,563,724,225,722
Jiri Novak,1999,24,40,973,27,54,77.66,27.19,511,658,180,662
Michael Chang,1999,27,50,874,23,49,77.56,26.3,470,606,157,597
Karol Kucera,1999,25,17,1633,21,65,77.38,32.58,544,703,232,712
Thomas Johansson,1999,24,39,977,24,47,77.18,21.63,399,517,114,527
Sebastien Grosjean,1999,21,27,1298,26,64,77,25.75,586,761,198,769
Vincent Spadea,1999,25,20,1542,26,60,76.57,27.44,562,734,197,718
Jonas Bjorkman,1999,27,73,639,24,47,76.49,26.74,436,570,154,576
Andrew Ilie,1999,23,54,845,34,56,76.21,21.04,535,702,146,694
Sargis Sargsian,1999,26,59,796,29,44,76.08,24.21,404,531,130,537
Gianluca Pozzi,1999,34,94,502,34,44,75.9,20.41,400,527,109,534
Felix Mantilla,1999,25,22,1458,22,55,75.66,28.75,485,641,186,647
Mariano Zabaleta,1999,21,28,1258,31,59,75.55,22.92,513,679,157,685
Daniel Vacek,1999,28,43,953,33,60,75.4,22.73,521,691,153,673
Andrei Pavel,1999,25,41,962,26,55,75.38,25.68,441,585,151,588
Fabrice Santoro,1999,27,34,1055,26,62,75.36,26.92,520,690,189,702
Karim Alami,1999,26,31,1175,28,51,74.96,27.98,431,575,162,579
Carlos Moya,1999,23,23,1445,22,62,74.84,27.65,574,767,214,774
Fernando Meligeni,1999,28,29,1247,26,56,74.72,30.21,467,625,184,609
Byron Black,1999,30,65,745,25,51,74.72,25.67,396,530,135,526
Francisco Clavet,1999,31,38,986,29,59,74.41,26.74,538,723,196,733
Andrei Medvedev,1999,25,30,1184,23,49,73.78,26.44,394,534,142,537
Jeff Tarango,1999,31,55,814,29,45,73.6,26.14,407,553,143,547
Sjeng Schalken,1999,23,44,950,28,56,72.88,27.76,489,671,186,670
Alberto Martin,1999,21,57,805,28,47,72.71,27.81,397,546,151,543
Arnaud Clement,1999,22,56,805,27,47,72.63,26.09,422,581,149,571
Stefan Koubek,1999,22,46,947,31,58,72.32,27.86,431,596,163,585
Hicham Arazi,1999,26,36,1008,28,58,72.14,23.36,448,621,146,625
Arnaud Di Pasquale,1999,20,47,890,31,50,70.84,30.12,430,607,178,591
Rainer Schuettler,1999,23,48,881,30,52,69.46,27.55,373,537,146,530
Fernando Vicente,1999,22,49,875,32,54,69.28,29.2,442,638,186,637
Juan Antonio Marin,1999,24,70,661,33,44,67.89,27.57,315,464,126,457
Pete Sampras,2000,29,3,3385,16,55,91.42,18.46,693,758,137,742
Patrick Rafter,2000,27,15,1535,21,53,87.8,20.2,540,615,121,599
Mark Philippoussis,2000,24,11,1865,23,65,87.69,17.3,748,853,146,844
Jan-Michael Gambill,2000,23,33,1030,26,60,85.81,19.94,641,747,145,727
Gustavo Kuerten,2000,24,1,4195,23,85,85.74,24.72,842,982,243,983
Andre Agassi,2000,30,6,2765,19,55,84.69,28.3,520,614,176,622
Tim Henman,2000,26,10,2020,26,82,84.44,26.55,814,964,252,949
Max Mirnyi,2000,23,40,880,29,59,84.02,18.62,547,651,119,639
Cedric Pioline,2000,31,16,1520,24,52,83.61,24,551,659,156,650
Marat Safin,2000,20,2,4120,30,100,83.59,23.61,1024,1225,289,1224
Thomas Enqvist,2000,26,9,2210,25,74,83.35,25.84,796,955,239,925
Lleyton Hewitt,2000,19,7,2625,21,80,82.92,30.71,699,843,261,850
Marc Rosset,2000,30,28,1080,27,55,82.86,20.44,556,671,138,675
Mariano Puerta,2000,22,21,1235,23,61,82.38,25.88,519,630,162,626
Wayne Ferreira,2000,29,13,1770,23,65,82.35,23.66,681,827,198,837
Roger Federer,2000,19,29,1080,29,66,82.05,19.26,599,730,140,727
Alex Corretja,2000,26,8,2475,25,73,82.04,29.73,644,785,228,767
Magnus Norman,2000,24,4,3110,26,92,82.03,28.61,881,1074,309,1080
Carlos Moya,2000,24,41,870,24,52,81.64,22.89,538,659,152,664
Younes El Aynaoui,2000,29,25,1125,29,63,81.6,20.69,643,788,163,788
Ivan Ljubicic,2000,21,91,484,27,45,80.8,19.15,404,500,95,496
Jerome Golmard,2000,27,42,856,27,56,79.93,22.61,482,603,137,606
Nicolas Kiefer,2000,23,20,1265,23,46,79.86,28.34,448,561,157,554
Thomas Johansson,2000,25,39,930,28,48,79.71,20.67,495,621,130,629
Dominik Hrbaty,2000,22,17,1395,29,73,79.69,26.42,667,837,219,829
Sebastien Grosjean,2000,22,19,1325,28,70,79.51,30,648,815,249,830
Byron Black,2000,31,35,960,26,53,79.46,26.1,472,594,154,590
Marcelo Rios,2000,24,37,950,25,52,79.4,24.65,451,568,141,572
Tommy Haas,2000,22,23,1145,23,58,79.3,23.03,502,633,143,621
Albert Costa,2000,25,26,1115,25,58,78.84,26.29,488,619,163,620
Nicolas Lapentti,2000,24,24,1130,28,72,78.8,25.09,632,802,200,797
Nicolas Escude,2000,24,48,805,25,51,78.62,25.91,445,566,143,552
Hicham Arazi,2000,27,30,1060,27,59,78.34,24.32,568,725,178,732
Jonas Bjorkman,2000,28,44,845,27,55,78.11,26.02,521,667,173,665
Sjeng Schalken,2000,24,22,1163,27,65,78.1,25.34,574,735,189,746
Juan Carlos Ferrero,2000,20,12,1840,27,72,77.83,25.21,646,830,209,829
Karim Alami,2000,27,57,725,30,53,77.24,19.26,475,615,120,623
Yevgeny Kafelnikov,2000,26,5,2935,32,101,77.17,27.95,896,1161,317,1134
Andreas Vinciguerra,2000,19,52,760,25,50,77.14,28.81,405,525,153,531
Andrei Pavel,2000,26,27,1105,30,64,77.07,27.99,548,711,199,711
Gianluca Pozzi,2000,35,43,854,30,50,76.67,23.88,460,600,144,603
Francisco Clavet,2000,32,49,795,31,59,76.48,25.04,517,676,171,683
Michael Chang,2000,28,32,1040,27,68,76,28.66,630,829,235,820
Arnaud Clement,2000,23,18,1360,29,63,75.26,26.67,569,756,200,750
Mariano Zabaleta,2000,22,61,645,28,47,75.19,20.38,397,528,108,530
Fabrice Santoro,2000,28,31,1040,28,61,75.15,24.27,511,680,167,688
Karol Kucera,2000,26,73,555,22,52,75.14,31.55,408,543,171,542
Andrew Ilie,2000,24,50,775,30,48,75.08,20.34,455,606,120,590
Rainer Schuettler,2000,24,45,835,29,52,74.78,25.44,427,571,144,566
Franco Squillari,2000,25,14,1598,27,58,74.74,29.28,509,681,200,683
Nicolas Massu,2000,21,87,496,29,51,74.38,24.53,357,480,117,477
Jiri Novak,2000,25,53,755,26,53,74.22,24.28,426,574,143,589
Stefan Koubek,2000,23,54,755,28,57,73.03,23.31,463,634,145,622
Fernando Vicente,2000,23,47,825,34,56,72.59,25.84,511,704,185,716
Albert Portas,2000,27,51,760,28,45,72.52,26.08,388,535,139,533
Gaston Gaudio,2000,22,34,995,26,52,71.16,28.72,417,586,170,592
Alberto Martin,2000,22,79,518,32,50,68.88,26.24,374,543,143,545
Andy Roddick,2001,19,14,1573,21,58,90.35,19.69,637,705,139,706
Goran Ivanisevic,2001,30,12,1761,23,51,87.46,13.48,551,630,84,623
Patrick Rafter,2001,29,7,2785,18,66,87.4,23.84,687,786,185,776
Greg Rusedski,2001,28,31,1075,25,62,87.1,19.46,648,744,145,745
Gustavo Kuerten,2001,25,2,3855,21,78,86.67,26.38,819,945,249,944
Pete Sampras,2001,30,10,1940,18,51,86.43,17.57,637,737,129,734
Ivan Ljubicic,2001,22,37,982,26,51,85.51,18.97,537,628,118,622
Andre Agassi,2001,31,3,3520,20,60,84.16,32.09,664,789,250,779
Marat Safin,2001,21,11,1920,25,72,83.44,21.74,791,948,205,943
Tommy Haas,2001,23,8,2285,25,78,83.39,27.05,748,897,238,880
Roger Federer,2001,20,13,1745,23,70,83.35,23.32,751,901,208,892
Max Mirnyi,2001,24,35,1015,26,58,83,16.55,581,700,115,695
Jan-Michael Gambill,2001,24,21,1215,25,60,82.82,22.64,564,681,149,658
Tim Henman,2001,27,9,2100,22,71,82.62,30.23,737,892,266,880
Younes El Aynaoui,2001,30,38,973,26,56,82.56,19.88,568,688,138,694
Lleyton Hewitt,2001,20,1,4365,22,98,82.51,33.48,934,1132,382,1141
Juan Carlos Ferrero,2001,21,5,3040,23,78,81.37,31.66,773,950,302,954
Thomas Johansson,2001,26,18,1375,25,71,81.09,26.7,639,788,212,794
Julien Boutter,2001,27,53,710,27,50,80.83,17.88,489,605,108,604
Jerome Golmard,2001,28,50,722,24,48,80.58,25.29,415,515,130,514
Carlos Moya,2001,25,19,1310,24,59,80.46,23.4,597,742,176,752
Xavier Malisse,2001,21,33,1045,24,61,80.29,26.09,550,685,179,686
Yevgeny Kafelnikov,2001,27,4,3090,28,97,79.85,27.88,971,1216,336,1205
Jiri Novak,2001,26,29,1091,23,48,79.85,28.49,432,541,155,544
Sebastien Grosjean,2001,23,6,2790,25,77,79.39,29.59,728,917,271,916
Nicolas Escude,2001,25,27,1130,24,56,79.17,25.43,513,648,162,637
Tommy Robredo,2001,19,30,1080,26,57,78.61,28.04,555,706,196,699
Thomas Enqvist,2001,27,24,1165,22,55,78.29,26.57,548,700,182,685
Guillermo Canas,2001,24,15,1572,24,66,78.23,31.38,636,813,257,819
Nicolas Lapentti,2001,25,23,1170,24,55,78.18,26.07,473,605,158,606
Marcelo Rios,2001,26,39,965,25,50,77.08,28.52,407,528,152,533
Sjeng Schalken,2001,25,26,1140,28,65,76.9,27.25,596,775,215,789
Arnaud Clement,2001,24,17,1475,25,65,76.77,27.12,598,779,208,767
Alex Calatrava,2001,28,100,415,30,47,76.64,21.12,443,578,121,573
Alex Corretja,2001,27,16,1525,25,54,76.54,25.69,535,699,176,685
Francisco Clavet,2001,33,51,715,28,50,76.22,25.18,423,555,142,564
Andrei Pavel,2001,27,28,1105,27,58,75.93,29.24,508,669,195,667
Gaston Gaudio,2001,23,48,760,24,50,75.9,23.94,422,556,136,568
Andreas Vinciguerra,2001,20,34,1025,27,56,75.66,23.02,488,645,151,656
Albert Costa,2001,26,40,960,24,48,75.17,26.4,430,572,151,572
Hicham Arazi,2001,28,25,1155,23,56,75.12,25,453,603,152,608
Michel Kratochvil,2001,22,46,836,27,52,75.04,26.88,445,593,157,584
Harel Levy,2001,23,78,515,25,45,75,21.98,342,456,102,464
Rainer Schuettler,2001,25,43,885,32,64,74.64,25.89,577,773,197,761
Felix Mantilla,2001,27,45,850,27,46,74.52,26.84,392,526,142,529
Andrew Ilie,2001,25,66,565,29,48,74.21,20.1,449,605,120,597
Dominik Hrbaty,2001,23,36,1005,31,61,74.18,24.66,543,732,180,730
Nicolas Kiefer,2001,24,42,920,25,58,73.63,27.6,472,641,175,634
Bohdan Ulihrach,2001,26,32,1055,27,63,73.35,27.03,512,698,190,703
Jonas Bjorkman,2001,29,60,605,24,49,73.35,25.09,399,544,135,538
Franco Squillari,2001,26,55,690,28,56,73.19,23.86,445,608,147,616
Nicolas Massu,2001,22,80,510,32,51,73.17,20.94,431,589,125,597
Magnus Norman,2001,25,49,740,21,47,72.76,27.2,358,492,133,489
Fabrice Santoro,2001,29,22,1210,26,63,72.46,27.03,513,708,190,703
Albert Portas,2001,28,20,1220,29,60,72.46,30.59,521,719,219,716
Stefan Koubek,2001,24,63,598,24,46,72.37,23.58,364,503,116,492
Alberto Martin,2001,23,41,933,28,58,72.21,28.19,491,680,192,681
Fernando Vicente,2001,24,52,715,32,49,70.55,25.89,412,584,152,587
Wayne Arthurs,2002,31,52,720,26,49,90.09,9.54,591,656,62,650
Greg Rusedski,2002,29,31,1010,23,51,88.38,17.99,601,680,122,678
Andy Roddick,2002,20,10,2045,22,78,87.55,22.68,724,827,188,829
Pete Sampras,2002,31,13,1735,18,44,87.16,17.76,543,623,111,625
Andre Agassi,2002,32,2,3395,19,65,86.73,31.21,686,791,245,785
Roger Federer,2002,21,6,2590,25,80,85.87,25.17,778,906,225,894
Ivan Ljubicic,2002,23,49,735,27,58,84.28,17.39,611,725,125,719
Fernando Gonzalez,2002,22,18,1636,25,62,83.74,23.65,654,781,184,778
Younes El Aynaoui,2002,31,22,1435,29,71,83.54,19.72,731,875,171,867
Marat Safin,2002,22,3,2845,21,82,83.05,24.9,818,985,244,980
Max Mirnyi,2002,25,43,810,27,54,82.84,15.79,507,612,96,608
Carlos Moya,2002,26,5,2630,26,80,82.51,25.26,783,949,240,950
Jan-Michael Gambill,2002,25,42,825,27,54,82.07,22.09,540,658,144,652
Paradorn Srichaphan,2002,23,16,1646,31,74,81.63,25.67,680,833,211,822
Tommy Haas,2002,24,11,2020,23,66,81.62,23.11,697,854,193,835
Thomas Johansson,2002,27,14,1725,23,53,81.22,21.7,532,655,143,659
Guillermo Canas,2002,25,15,1725,25,68,80.74,28.1,675,836,236,840
Marcelo Rios,2002,27,24,1230,23,53,80.57,24.79,477,592,146,589
Jiri Novak,2002,27,7,2335,27,79,80.43,30.86,703,874,274,888
Tim Henman,2002,28,8,2215,19,69,80.41,30.02,661,822,245,816
Lleyton Hewitt,2002,21,1,4485,21,76,80.17,33.06,760,948,318,962
Juan Carlos Ferrero,2002,22,4,2740,26,73,79.63,26.1,727,913,237,908
Andrei Pavel,2002,28,26,1225,26,70,79.15,28.19,615,777,219,777
Sebastien Grosjean,2002,24,17,1640,22,65,79.14,29.59,535,676,200,676
Alex Corretja,2002,28,19,1555,23,58,79.14,30.49,535,676,200,656
Albert Costa,2002,27,9,2070,24,57,79.08,24.59,582,736,179,728
James Blake,2002,23,28,1170,24,60,78.73,25.63,570,724,184,718
Sjeng Schalken,2002,26,20,1525,28,66,78.7,24.56,632,803,196,798
Nicolas Escude,2002,26,34,960,21,47,78.69,24.87,458,582,141,567
Yevgeny Kafelnikov,2002,28,27,1190,25,68,78.43,23.12,600,765,175,757
Agustin Calleri,2002,26,50,730,24,48,77.8,25.18,431,554,141,560
Gaston Gaudio,2002,24,21,1490,20,61,77.76,30.35,549,706,214,705
Jonas Bjorkman,2002,30,48,745,24,44,77.65,22.71,410,528,119,524
Thomas Enqvist,2002,28,44,810,19,44,77.63,27.9,406,523,142,509
Xavier Malisse,2002,22,25,1225,23,55,77.45,25.39,498,643,164,646
Nicolas Massu,2002,23,56,680,22,48,77.45,29.6,388,501,148,500
Juan Ignacio Chela,2002,23,23,1240,28,75,77.25,28,652,844,238,850
Arnaud Clement,2002,25,38,925,23,58,76.85,28.23,518,674,190,673
Nicolas Lapentti,2002,26,29,1090,28,61,76.8,24.16,619,806,193,799
Mikhail Youzhny,2002,20,32,995,26,55,76.32,29.06,493,646,186,640
Rainer Schuettler,2002,26,33,980,30,71,75.81,28.99,611,806,229,790
Davide Sanguinetti,2002,30,46,773,27,46,75.7,23.62,408,539,128,542
David Nalbandian,2002,20,12,1775,24,60,75.56,27.44,572,757,211,769
Fabrice Santoro,2002,30,35,955,26,53,75.11,25.94,504,671,172,663
Bohdan Ulihrach,2002,27,75,530,29,52,75,21.97,399,532,118,537
Mariano Zabaleta,2002,24,53,711,28,48,74.3,21.48,451,607,131,610
Fernando Meligeni,2002,31,74,538,25,44,73.94,22.6,366,495,113,500
Fernando Vicente,2002,25,58,671,34,51,73.71,24.48,457,620,152,621
Felix Mantilla,2002,28,55,680,27,51,73.2,26.1,418,571,148,567
Dominik Hrbaty,2002,24,51,726,33,52,73.08,25.58,437,598,154,602
Tommy Robredo,2002,20,30,1050,25,58,73.01,26.38,495,678,181,686
Nicolas Kiefer,2002,25,72,550,26,49,72.85,24.76,381,523,127,513
Jarkko Nieminen,2002,21,40,875,29,54,71.97,26.68,421,585,159,596
Michel Kratochvil,2002,23,69,570,27,51,71.08,27.76,413,581,161,580
Andre Sa,2002,25,66,607,27,46,70.55,26.03,369,523,139,534
Stefan Koubek,2002,25,54,685,31,52,70.08,21.27,424,605,127,597
Alberto Martin,2002,24,61,640,27,48,69.91,26.91,381,545,148,550
Andy Roddick,2003,21,1,4535,23,91,91.4,20.88,1041,1139,233,1116
Roger Federer,2003,22,2,4375,24,95,87.34,29.1,945,1082,307,1055
Max Mirnyi,2003,26,23,1190,29,68,87.31,15.45,702,804,123,796
Ivan Ljubicic,2003,24,42,870,23,54,86.08,18.67,532,618,115,616
Younes El Aynaoui,2003,32,14,1480,26,66,85.88,18.3,748,871,159,869
Andre Agassi,2003,33,4,3425,19,57,85.6,34.46,624,729,254,737
Mardy Fish,2003,22,20,1300,24,64,85.33,17.74,669,784,140,789
Mark Philippoussis,2003,27,9,1615,20,58,84.83,18.85,587,692,128,679
Gustavo Kuerten,2003,27,16,1470,21,62,83.84,23.96,602,718,172,718
Feliciano Lopez,2003,22,28,1110,32,65,83.4,16.65,658,789,132,793
Juan Carlos Ferrero,2003,23,3,4205,20,88,83.33,30.32,840,1008,309,1019
Carlos Moya,2003,27,7,2280,24,80,83.21,26.93,798,959,258,958
Martin Verkerk,2003,25,19,1425,27,50,82.75,17.02,542,655,112,658
Sebastien Grosjean,2003,25,10,1610,22,57,82.39,22.43,599,727,159,709
Robby Ginepri,2003,21,32,1055,23,49,82.25,25.26,482,586,145,574
Guillermo Coria,2003,21,5,3330,22,76,81.98,38.83,705,860,332,855
Wayne Ferreira,2003,32,26,1125,20,45,81.41,22.41,438,538,119,531
Jonas Bjorkman,2003,31,30,1068,22,51,81.28,23.32,469,577,132,566
Lleyton Hewitt,2003,22,17,1450,16,47,81.2,34.48,445,548,191,554
Fernando Gonzalez,2003,23,35,1025,26,61,81.07,24.09,591,729,178,739
Paradorn Srichaphan,2003,24,11,1595,29,78,80.88,23.07,719,889,203,880
Radek Stepanek,2003,25,46,800,23,52,79.77,22.69,485,608,140,617
Raemon Sluiter,2003,25,59,608,28,45,79.67,18.13,439,551,101,557
Tim Henman,2003,29,15,1480,20,48,79.32,27.39,445,561,152,555
Jan-Michael Gambill,2003,26,51,710,27,47,79.06,21.21,438,554,116,547
Albert Costa,2003,28,25,1135,22,44,78.71,22.31,477,606,135,605
Sjeng Schalken,2003,27,18,1445,27,65,78.58,28.23,554,705,201,712
Agustin Calleri,2003,27,24,1185,24,56,78.36,27.12,496,633,176,649
Jiri Novak,2003,28,13,1510,27,73,77.96,28.14,672,862,244,867
Rainer Schuettler,2003,27,6,3205,29,101,77.64,31.74,913,1176,365,1150
Nicolas Massu,2003,24,12,1559,30,56,77.45,30.42,505,652,202,664
Sargis Sargsian,2003,30,39,958,28,54,77.34,27.96,505,653,182,651
Arnaud Clement,2003,26,31,1065,25,51,77.27,26.91,493,638,169,628
Dominik Hrbaty,2003,25,61,584,33,52,76.96,24.75,461,599,149,602
Hicham Arazi,2003,30,52,698,22,45,76.83,23.81,368,479,115,483
Nicolas Lapentti,2003,27,57,628,23,48,76.63,22.33,400,522,117,524
James Blake,2003,24,37,975,23,58,75.68,28.47,529,699,197,692
Mariano Zabaleta,2003,25,27,1125,25,58,75.65,28.29,494,653,185,654
Tommy Robredo,2003,21,21,1295,26,64,75.29,27.69,582,773,216,780
Jarkko Nieminen,2003,22,36,980,30,70,75.15,27.36,623,829,226,826
David Nalbandian,2003,21,8,2060,21,62,74.9,32.7,588,785,257,786
Yevgeny Kafelnikov,2003,29,41,875,26,55,74.5,29.26,488,655,189,646
Felix Mantilla,2003,29,22,1265,24,48,74.3,26.49,454,611,160,604
Gaston Gaudio,2003,25,34,1030,23,66,74.25,30.29,548,738,226,746
Vincent Spadea,2003,29,29,1100,25,59,73.86,28.88,517,700,199,689
Juan Ignacio Chela,2003,24,38,965,27,63,73.46,28.59,537,731,209,731
Flavio Saretta,2003,23,45,813,21,46,73.43,30.47,373,508,156,512
Nikolay Davydenko,2003,22,44,820,34,63,72.81,27.38,482,662,184,672
Fernando Vicente,2003,26,63,550,31,49,72.76,20.68,422,580,122,590
Mikhail Youzhny,2003,21,43,840,27,56,72.68,27.66,455,626,177,640
Olivier Rochus,2003,22,48,768,28,54,71.7,25.55,446,622,162,634
Alberto Martin,2003,25,54,667,30,45,70.84,24.51,362,511,125,510
Stefan Koubek,2003,26,53,670,26,47,70.8,25.1,354,500,123,490
David Ferrer,2003,21,71,515,28,47,65.44,25.93,337,515,132,509
David Sanchez,2003,25,50,736,32,49,65.15,30.47,359,551,170,558
Joachim Johansson,2004,22,11,1595,27,57,91.85,14.46,665,724,105,726
Roger Federer,2004,23,1,6335,20,80,91.57,30.47,847,925,270,886
Andy Roddick,2004,22,2,3655,23,92,90.9,22.48,909,1000,223,992
Ivo Karlovic,2004,25,61,640,29,44,90.38,5.89,554,613,36,611
Andre Agassi,2004,34,8,2100,19,50,88.1,26.24,533,605,159,606
Max Mirnyi,2004,27,47,800,26,53,86.68,12,501,578,69,575
Ivan Ljubicic,2004,25,22,1235,23,61,85.94,16.52,611,711,116,702
Marat Safin,2004,24,4,3060,24,75,85.9,21.44,810,943,202,942
Martin Verkerk,2004,26,55,709,18,45,85.45,16.82,458,536,89,529
Carlos Moya,2004,28,5,2520,23,78,85.28,23.97,730,856,204,851
Feliciano Lopez,2004,23,25,1185,26,60,84.73,16.29,638,753,123,755
Mardy Fish,2004,23,37,935,23,49,84.09,19.17,391,465,88,459
Cyril Saulnier,2004,29,53,748,25,51,83.99,17.08,556,662,111,650
Tim Henman,2004,30,6,2465,20,66,83.49,25.96,713,854,217,836
Mario Ancic,2004,20,29,1061,24,51,82.91,22.79,524,632,142,623
Lleyton Hewitt,2004,23,3,3590,20,86,82.32,31.57,810,984,311,985
Tommy Haas,2004,26,17,1330,22,59,82.12,24.07,542,660,155,644
Andrei Pavel,2004,30,18,1325,26,58,81.71,21.45,563,689,148,690
Fernando Verdasco,2004,21,36,938,26,56,81.64,21.86,507,621,136,622
Thomas Johansson,2004,29,30,1013,25,50,81.5,20.3,489,600,121,596
Robin Soderling,2004,20,34,950,28,59,81.1,21.63,575,709,151,698
Dominik Hrbaty,2004,26,14,1380,31,68,80.67,25.65,626,776,196,764
Paradorn Srichaphan,2004,25,27,1130,30,74,80.66,21.88,659,817,175,800
Fernando Gonzalez,2004,24,23,1235,22,63,80.5,21.91,516,641,140,639
Victor Hanescu,2004,23,92,452,32,44,79.8,19.2,407,510,96,500
Guillermo Canas,2004,27,12,1595,26,62,79.74,29.43,606,760,224,761
Radek Stepanek,2004,26,33,950,25,57,79.7,20.59,538,675,140,680
Luis Horna,2004,24,38,925,30,60,79.49,19.62,500,629,123,627
Nicolas Kiefer,2004,27,21,1240,22,57,79.43,24.13,506,637,152,630
Mariano Zabaleta,2004,26,54,735,25,48,79.07,25.6,427,540,139,543
Tommy Robredo,2004,22,13,1465,26,68,79.02,24.06,599,758,186,773
Jurgen Melzer,2004,23,39,920,24,54,78.87,24.63,474,601,148,601
Vincent Spadea,2004,30,20,1285,27,69,78.81,25.21,662,840,207,821
Mikhail Youzhny,2004,22,16,1340,27,69,78.74,24.59,611,776,194,789
Taylor Dent,2004,23,32,955,27,57,78.49,24.79,478,609,150,605
Jiri Novak,2004,29,24,1195,26,63,78.27,29.85,533,681,203,680
Guillermo Coria,2004,22,7,2400,19,53,78.02,32.79,472,605,201,613
Karol Beck,2004,22,44,863,30,44,77.59,21.46,412,531,112,522
Igor Andreev,2004,21,50,781,30,56,77.05,22.14,480,623,141,637
Rainer Schuettler,2004,28,42,885,29,59,77.01,23.5,546,709,165,702
David Nalbandian,2004,22,9,1945,19,48,77,32.21,482,626,200,621
Nikolay Davydenko,2004,23,28,1085,32,62,76.99,26.91,552,717,197,732
Rafael Nadal,2004,18,51,775,23,47,76.91,30.19,373,485,141,467
Robby Ginepri,2004,22,63,625,25,48,76.8,23.36,437,569,132,565
Jonas Bjorkman,2004,32,70,575,25,47,76.49,20.97,410,536,112,534
Xavier Malisse,2004,24,48,798,26,49,75.88,26.87,409,539,147,547
Nicolas Massu,2004,25,19,1320,29,70,74.89,30.33,489,653,202,666
Albert Costa,2004,29,56,705,22,44,73.97,24.82,412,557,136,548
Gaston Gaudio,2004,26,10,1920,24,61,73.74,31.8,570,773,249,783
Juan Ignacio Chela,2004,25,26,1135,27,61,73.49,32.38,535,728,238,735
Stefan Koubek,2004,27,60,647,29,49,73.09,24.08,421,576,137,569
Sargis Sargsian,2004,31,75,525,30,44,73.01,21.94,395,541,120,547
Alberto Martin,2004,26,68,580,29,49,72.9,23.26,433,594,140,602
David Sanchez,2004,26,74,528,30,46,71.9,24.86,389,541,137,551
Filippo Volandri,2004,23,43,880,27,53,70.35,37.46,401,570,212,566
David Ferrer,2004,22,49,790,32,60,68.81,29.44,492,715,212,720
Andy Roddick,2005,23,3,3085,20,73,92.5,20.79,839,907,185,890
Roger Federer,2005,24,1,6725,19,85,89.2,30.74,975,1093,324,1054
Ivan Ljubicic,2005,26,9,2180,25,81,87.81,18.85,807,919,170,902
Mario Ancic,2005,21,21,1360,24,71,86.4,22.95,686,794,179,780
Greg Rusedski,2005,32,37,840,25,50,86.04,14.59,524,609,89,610
Fernando Gonzalez,2005,25,11,1790,24,72,85.78,22.1,760,886,194,878
Max Mirnyi,2005,28,34,905,24,60,85.77,16.57,609,710,117,706
Lleyton Hewitt,2005,24,4,2490,17,46,85.43,27.93,522,611,169,605
Thomas Johansson,2005,30,13,1645,25,73,85.33,21.69,739,866,187,862
Andre Agassi,2005,35,7,2275,17,50,84.81,27.44,508,599,166,605
Rafael Nadal,2005,19,2,4765,24,89,84.49,37.54,877,1038,387,1031
Feliciano Lopez,2005,24,33,910,26,59,83.22,16.25,620,745,122,751
Radek Stepanek,2005,27,20,1440,26,71,83,22.44,747,900,202,900
Robby Ginepri,2005,23,15,1520,26,60,82.71,25,598,723,177,708
James Blake,2005,25,23,1230,24,56,82.63,26.74,547,662,177,662
Taylor Dent,2005,24,29,1025,25,54,81.78,23.94,534,653,153,639
Jose Acasuso,2005,23,40,803,27,53,81.25,18.44,520,640,118,640
Tomas Berdych,2005,20,24,1200,28,63,81,21.25,601,742,156,734
Victor Hanescu,2005,24,35,856,27,51,80.81,21.42,476,589,124,579
Fernando Verdasco,2005,22,32,935,27,63,80.72,24.34,607,752,185,760
Gilles Muller,2005,22,76,506,27,44,80.71,12.45,389,482,59,474
Sebastien Grosjean,2005,27,25,1135,21,53,80.43,24.4,555,690,164,672
Carlos Moya,2005,29,31,940,24,51,80.09,23.54,507,633,149,633
Mariano Puerta,2005,27,56,628,13,63,79.97,21.25,615,769,163,767
Juan Carlos Ferrero,2005,25,17,1500,26,73,79.68,25.26,694,871,221,875
Tommy Haas,2005,27,45,755,23,57,79.55,25.25,490,616,154,610
Olivier Rochus,2005,24,27,1110,27,64,78.89,24.12,583,739,179,742
Nicolas Kiefer,2005,28,22,1250,22,57,78.48,28.35,518,660,186,656
Nikolay Davydenko,2005,24,5,2390,30,86,77.96,33.63,704,903,307,913
Igor Andreev,2005,22,26,1120,33,68,77.93,25.97,625,802,208,801
Paradorn Srichaphan,2005,26,42,785,30,65,77.9,21.12,550,706,147,696
Dominik Hrbaty,2005,27,18,1490,28,69,77.72,28.53,565,727,210,736
Tommy Robredo,2005,23,19,1490,25,68,77.07,28.64,642,833,240,838
Davide Sanguinetti,2005,33,44,773,33,50,76.98,22.99,485,630,146,635
Kevin Kim,2005,NA,NA,NA,NA,44,76.1,21.94,414,544,122,556
Gaston Gaudio,2005,27,10,2050,25,76,76.02,34.57,653,859,298,862
David Nalbandian,2005,23,6,2370,21,63,75.91,34.55,586,772,266,770
Andrei Pavel,2005,31,80,500,27,48,75.91,18.94,419,552,104,549
Guillermo Coria,2005,23,8,2190,22,82,75.89,36.51,705,929,345,945
Mikhail Youzhny,2005,23,43,775,23,46,75.6,29.4,412,545,162,551
Jarkko Nieminen,2005,24,28,1045,27,55,75.04,26.51,490,653,176,664
Jurgen Melzer,2005,24,52,690,25,52,75,23.65,465,620,145,613
Paul-Henri Mathieu,2005,23,46,738,27,57,74.14,23.46,453,611,141,601
David Ferrer,2005,23,14,1620,28,72,73.29,33.77,612,835,281,832
Juan Ignacio Chela,2005,26,39,815,28,54,73.17,27.16,450,615,170,626
Tomas Zib,2005,29,59,611,35,48,73.04,20.28,363,497,100,493
Jiri Novak,2005,30,48,725,25,47,72.95,26.65,391,536,141,529
Vincent Spadea,2005,31,75,515,25,48,72.71,25.23,405,557,137,543
Guillermo Garcia-Lopez,2005,22,91,460,31,45,72.27,26.08,370,512,133,510
Gael Monfils,2005,19,30,979,27,47,71.91,25.35,402,559,143,564
Filippo Volandri,2005,24,38,836,29,56,71.12,33.57,399,561,192,572
Alberto Martin,2005,27,50,711,31,54,70.98,25,411,579,146,584
Karol Beck,2005,23,57,615,28,47,70.87,21.96,360,508,110,501
Florian Mayer,2005,22,72,519,27,46,70.08,23.11,356,508,119,515
Christophe Rochus,2005,27,41,795,30,46,67.28,28.26,331,492,141,499
Andy Roddick,2006,24,6,2415,21,69,90.43,22.31,718,794,172,771
Roger Federer,2006,25,1,8370,19,97,90.15,31.6,1108,1229,376,1190
Ivan Ljubicic,2006,27,5,2495,22,81,88.28,21.77,889,1007,214,983
Rafael Nadal,2006,20,2,4470,19,71,86.37,29.04,754,873,255,878
Mario Ancic,2006,22,9,2060,24,73,85.57,23.17,783,915,206,889
Tommy Haas,2006,28,11,1890,23,70,85.17,24.08,712,836,197,818
Radek Stepanek,2006,28,19,1340,21,45,84.72,23.35,499,589,138,591
Max Mirnyi,2006,29,59,680,25,47,83.72,16,504,602,96,600
Robin Soderling,2006,22,25,1028,24,58,83.26,22.82,537,645,144,631
Nicolas Almagro,2006,21,32,925,24,47,83.02,22.06,440,530,118,535
Richard Gasquet,2006,20,18,1365,25,55,82.86,25.71,498,601,153,595
Fernando Gonzalez,2006,26,10,2015,20,71,82.35,23.56,728,884,209,887
Paradorn Srichaphan,2006,27,53,725,32,62,82.33,14.98,615,747,111,741
Marat Safin,2006,26,26,1015,24,60,82.26,21.08,598,727,152,721
Kristof Vliegen,2006,24,31,935,23,55,82.08,22.17,522,636,143,645
Tomas Berdych,2006,21,13,1705,25,72,81.53,24.82,684,839,204,822
Carlos Moya,2006,30,43,835,24,51,81.5,19.82,533,654,129,651
Novak Djokovic,2006,19,16,1380,21,58,81.29,26.5,530,652,168,634
Jose Acasuso,2006,24,27,995,22,54,81.14,25.96,486,599,156,601
Agustin Calleri,2006,30,29,963,23,51,81.14,24.69,456,562,138,559
Nikolay Davydenko,2006,25,3,2825,32,98,80.29,35.41,872,1086,387,1093
Feliciano Lopez,2006,25,79,491,30,48,79.87,16.64,492,616,104,625
Jarkko Nieminen,2006,25,15,1460,28,82,79.85,26.86,753,943,253,942
Tommy Robredo,2006,24,7,2375,27,78,79.78,28.37,742,930,265,934
Tim Henman,2006,32,39,900,20,51,79.77,25.34,481,603,151,596
Stan Wawrinka,2006,21,30,950,24,57,79.72,22.77,570,715,161,707
James Blake,2006,26,4,2530,26,84,79.58,29.71,787,989,290,976
Xavier Malisse,2006,26,37,910,24,55,79.53,26.58,536,674,181,681
Dmitry Tursunov,2006,24,22,1190,34,76,79.14,23.68,755,954,224,946
Nicolas Massu,2006,27,44,825,26,65,79.07,22.5,593,750,169,751
David Nalbandian,2006,24,8,2295,17,63,78.91,31.04,595,754,235,757
Marcos Baghdatis,2006,21,12,1860,23,57,78.34,25.1,568,725,180,717
Arnaud Clement,2006,29,42,845,23,49,78.27,24.16,425,543,129,534
Fernando Verdasco,2006,23,35,910,26,58,78.1,23.34,585,749,176,754
Juan Carlos Ferrero,2006,26,23,1080,24,51,77.93,24.59,519,666,163,663
Robby Ginepri,2006,24,51,725,25,50,77.67,22.54,487,627,142,630
Paul-Henri Mathieu,2006,24,55,723,29,51,77.58,24.83,474,611,149,600
Philipp Kohlschreiber,2006,23,62,631,22,44,77.15,22.16,395,512,115,519
Olivier Rochus,2006,25,36,910,25,53,77.02,30.46,496,644,198,650
Sebastien Grosjean,2006,28,28,965,21,48,76.71,29.63,481,627,184,621
Jurgen Melzer,2006,25,41,865,26,59,76.6,24.86,527,688,172,692
Florian Mayer,2006,23,56,700,27,47,76.55,27.83,382,499,140,503
Lleyton Hewitt,2006,25,20,1315,21,48,76.06,33.23,486,639,212,638
Juan Ignacio Chela,2006,27,33,920,26,56,75.81,25,470,620,156,624
Julien Benneteau,2006,25,40,897,27,46,74.78,23.62,430,575,137,580
Mikhail Youzhny,2006,24,24,1075,24,46,74.58,25.87,402,539,141,545
Vincent Spadea,2006,32,73,514,32,45,74.14,27.15,390,526,142,523
Dominik Hrbaty,2006,28,21,1238,27,60,73.73,26.56,522,708,191,719
Ruben Ramirez Hidalgo,2006,28,57,690,25,45,73.68,27.26,392,532,142,521
David Ferrer,2006,24,14,1475,25,67,72.75,32.62,582,800,259,794
Florent Serra,2006,25,60,665,28,49,72.74,24.42,435,598,147,602
Andy Murray,2006,19,17,1370,26,65,72.3,32.54,543,751,247,759
Gaston Gaudio,2006,28,34,915,22,48,71.33,30.74,433,607,186,605
Andreas Seppi,2006,22,74,513,32,50,70.76,22.46,392,554,126,561
Gilles Simon,2006,21,45,801,30,48,70.33,26.43,403,573,148,560
Filippo Volandri,2006,25,38,910,28,61,69.28,30.23,415,599,182,602
Ivo Karlovic,2007,28,22,1360,25,64,94.47,9.84,820,868,85,864
Andy Roddick,2007,25,6,2530,20,70,90.85,17.8,715,787,136,764
Roger Federer,2007,26,1,7180,16,77,89.19,28.62,866,971,269,940
Ivan Ljubicic,2007,28,18,1580,22,67,87.4,15.87,770,881,137,863
Rafael Nadal,2007,21,2,5735,19,85,86.19,33,849,985,327,991
Tomas Berdych,2007,22,14,1685,21,70,86.07,23.91,655,761,181,757
Tommy Haas,2007,29,12,1720,20,56,84.8,24.96,558,658,161,645
Feliciano Lopez,2007,26,35,840,17,52,84.56,14.52,564,667,97,668
Radek Stepanek,2007,29,30,930,21,49,84.55,22.39,487,576,131,585
Novak Djokovic,2007,20,3,4470,20,87,83.89,28.15,901,1074,297,1055
James Blake,2007,28,13,1710,24,78,83.65,25.03,742,887,219,875
Lleyton Hewitt,2007,26,21,1365,19,51,82.85,27.15,512,618,167,615
Paul-Henri Mathieu,2007,25,25,1320,22,70,82.53,26.48,666,807,210,793
Benjamin Becker,2007,26,84,476,23,53,81.97,12.73,491,599,77,605
Richard Gasquet,2007,21,8,1930,23,73,81.95,28.37,663,809,221,779
Mikhail Youzhny,2007,25,19,1570,23,74,81.92,27.31,666,813,222,813
Fernando Gonzalez,2007,27,7,2005,19,61,81.88,22.46,610,745,170,757
Arnaud Clement,2007,30,54,620,19,50,81.83,18.29,491,600,109,596
Dmitry Tursunov,2007,25,34,853,24,51,81.78,19.75,534,653,125,633
Marcos Baghdatis,2007,22,16,1600,21,70,81.66,26.07,668,818,213,817
Nicolas Almagro,2007,22,28,965,22,61,81.49,24.47,568,697,172,703
Carlos Moya,2007,31,17,1585,21,65,81.39,23.85,656,806,192,805
Thomas Johansson,2007,32,62,583,17,51,81.24,15.73,459,565,90,572
Mardy Fish,2007,26,39,740,22,47,81,19.2,469,579,110,573
Andy Murray,2007,20,11,1755,19,57,80.53,31.79,488,606,192,604
David Nalbandian,2007,25,9,1775,15,49,80.44,26.29,514,639,168,639
Marc Gicquel,2007,30,70,535,23,46,80.33,18.33,433,539,101,551
Igor Andreev,2007,24,33,890,22,63,80.09,22.88,563,703,159,695
Philipp Kohlschreiber,2007,24,32,905,21,60,79.61,22.61,535,672,154,681
Fernando Verdasco,2007,24,26,1050,23,62,79.59,24.23,589,740,180,743
Hyung-Taik Lee,2007,31,51,642,18,48,79.52,20.48,435,547,112,547
Guillermo Canas,2007,30,15,1653,21,60,79.33,28.24,541,682,194,687
Tommy Robredo,2007,25,10,1765,23,75,79.24,29.11,710,896,262,900
Juan Martin del Potro,2007,19,44,690,20,53,79.01,25.62,448,567,144,562
David Ferrer,2007,25,5,2750,23,84,78.77,36.09,731,928,336,931
Agustin Calleri,2007,31,42,715,20,49,78.71,23.21,488,620,146,629
Juan Monaco,2007,23,23,1350,22,60,78.7,30.66,580,737,226,737
Juan Carlos Ferrero,2007,27,24,1340,20,57,78.47,25.5,543,692,179,702
Nikolay Davydenko,2007,26,4,2825,26,84,78.13,31.15,804,1029,323,1037
Stan Wawrinka,2007,22,36,820,17,45,78.03,22.86,444,569,128,560
Potito Starace,2007,26,31,921,21,51,77.54,21.64,466,601,132,610
Juan Ignacio Chela,2007,28,20,1425,21,65,76.58,27.15,618,807,218,803
Jarkko Nieminen,2007,26,27,995,21,60,76.23,27.14,526,690,190,700
Jurgen Melzer,2007,26,60,590,20,48,75.76,22.45,400,528,119,530
Andreas Seppi,2007,23,50,659,23,46,75.63,24.09,391,517,126,523
Albert Montanes,2007,27,46,681,20,48,75.19,20.3,403,536,109,537
Stefan Koubek,2007,30,47,661,21,50,75,22.65,438,584,130,574
Vincent Spadea,2007,33,77,515,20,52,74.27,23.64,456,614,143,605
Olivier Rochus,2007,26,48,661,19,45,73.63,20.91,349,474,101,483
Julien Benneteau,2007,26,68,540,22,50,73.07,23,426,583,135,587
Evgeny Korolev,2007,19,80,487,20,44,73.03,20.39,371,508,105,515
Gilles Simon,2007,23,29,955,22,61,71.79,28.8,514,716,201,698
Filippo Volandri,2007,26,40,731,20,45,65.32,31.15,324,496,157,504
Andy Roddick,2008,26,8,1970,23,67,91.15,19.84,711,780,149,751
Ivo Karlovic,2008,29,26,1140,27,57,90.38,11.57,648,717,82,709
Roger Federer,2008,27,2,5305,19,81,89.16,26.99,921,1033,271,1004
Robin Soderling,2008,24,17,1325,23,66,87.77,24.55,646,736,179,729
Rafael Nadal,2008,22,1,6675,19,93,87.76,33.49,925,1054,350,1045
Novak Djokovic,2008,21,3,5295,19,81,86.99,29.91,829,953,280,936
Mario Ancic,2008,24,36,900,21,48,86.07,20.28,482,560,114,562
Jo-Wilfried Tsonga,2008,23,6,2050,21,48,86.01,20.78,535,622,128,616
Radek Stepanek,2008,30,27,1130,25,56,85.96,21.86,606,705,155,709
Feliciano Lopez,2008,27,30,1005,25,53,85.82,12.82,563,656,84,655
Michael Llodra,2008,28,40,860,24,44,85.45,13.08,470,550,71,543
Fernando Gonzalez,2008,28,15,1420,22,54,84.78,21.48,585,690,148,689
Tomas Berdych,2008,23,20,1215,24,57,84.2,24.24,533,633,152,627
Richard Gasquet,2008,22,25,1160,23,54,84.08,24.1,544,647,154,639
Nicolas Almagro,2008,23,18,1270,23,52,83.96,25,513,611,149,596
Igor Andreev,2008,25,19,1245,30,75,83.9,18.31,766,913,165,901
Paul-Henri Mathieu,2008,26,31,1000,26,60,83.84,19.17,612,730,138,720
Philipp Kohlschreiber,2008,25,28,1115,22,53,83.73,24.63,494,590,148,601
Dmitry Tursunov,2008,26,22,1180,28,56,83.6,18.99,571,683,128,674
Ernests Gulbis,2008,20,53,719,22,46,82.89,19.47,470,567,111,570
Simone Bolelli,2008,23,41,843,31,59,82.84,15.16,565,682,104,686
Juan Martin del Potro,2008,20,9,1945,22,62,82.69,32,535,647,208,650
Marin Cilic,2008,20,23,1175,26,62,82.6,22.11,641,776,170,769
Janko Tipsarevic,2008,24,49,750,24,47,82.48,18.56,499,605,113,609
Nikolay Davydenko,2008,27,5,2715,23,77,82.01,32.38,684,834,273,843
Carlos Moya,2008,32,42,840,24,51,81.69,18.11,531,650,119,657
Andy Murray,2008,21,4,3720,23,74,81.61,29.25,719,881,258,882
James Blake,2008,29,10,1775,23,71,81.4,25.65,700,860,217,846
Jurgen Melzer,2008,27,34,939,28,56,81.2,20.09,570,702,141,702
Mardy Fish,2008,27,24,1165,24,55,80.97,22.52,549,678,150,666
Marat Safin,2008,28,29,1025,24,48,80.91,20.48,500,618,127,620
Mikhail Youzhny,2008,26,32,985,24,50,80.9,24.92,483,597,148,594
Agustin Calleri,2008,32,60,685,24,44,80.68,22.57,401,497,114,505
Sam Querrey,2008,21,39,870,26,54,80.63,19.39,541,671,128,660
David Nalbandian,2008,26,11,1725,20,60,80.36,28.57,495,616,178,623
Gael Monfils,2008,22,14,1475,21,47,79.64,25.27,442,555,142,562
Victor Hanescu,2008,27,50,743,25,46,79.54,17.42,447,562,96,551
Gilles Simon,2008,24,7,1980,29,78,79.51,24.97,772,971,239,957
Steve Darcis,2008,24,61,681,24,44,78.57,19.96,352,448,89,446
Fernando Verdasco,2008,25,16,1415,28,74,78.35,29.45,684,873,258,876
David Ferrer,2008,26,12,1695,24,67,78.31,28.94,610,779,222,767
Stan Wawrinka,2008,23,13,1510,22,59,78.25,27.35,565,722,192,702
Tommy Robredo,2008,26,21,1195,24,60,78.02,25.07,543,696,176,702
Robby Ginepri,2008,26,51,740,22,45,77.9,25.45,437,561,141,554
Albert Montanes,2008,28,45,787,30,47,77.88,20.99,419,538,115,548
Marc Gicquel,2008,31,54,714,28,45,77.76,21.01,430,553,117,557
Jose Acasuso,2008,26,48,760,26,53,76.73,25.49,432,563,143,561
Potito Starace,2008,27,72,564,30,44,76.45,21.43,370,484,105,490
Andreas Seppi,2008,24,35,910,30,60,76.33,25.81,561,735,192,744
Rainer Schuettler,2008,32,33,942,30,44,76.18,21.73,435,571,123,566
Guillermo Canas,2008,31,79,543,27,44,75.15,24.47,387,515,128,523
Jarkko Nieminen,2008,27,37,895,29,54,74.64,24.21,471,631,154,636
Florent Serra,2008,27,59,687,31,44,73.68,21.7,392,532,115,530
Juan Monaco,2008,24,46,785,24,48,71.16,30,380,534,159,530
Ivo Karlovic,2009,30,37,1015,23,46,92.22,10.34,545,591,60,580
Andy Roddick,2009,27,7,4410,20,63,90.82,19.26,752,828,156,810
Roger Federer,2009,28,1,10550,19,73,90.09,24.49,909,1009,240,980
Jo-Wilfried Tsonga,2009,24,10,2875,26,73,89.33,19.22,795,890,168,874
John Isner,2009,24,34,1067,22,45,89.18,10.8,544,610,65,602
Fernando Gonzalez,2009,29,11,2870,18,55,88.01,21.57,653,742,159,737
Sam Querrey,2009,22,25,1320,26,64,86.06,19.25,679,789,149,774
Robin Soderling,2009,25,8,3410,27,70,86.05,25.48,734,853,212,832
Andy Murray,2009,22,4,7030,19,77,85.3,33.3,766,898,295,886
Ivan Ljubicic,2009,30,24,1405,27,55,85.2,16.3,587,689,111,681
Tommy Haas,2009,31,18,1855,19,48,85.16,21.49,568,667,141,656
Fernando Verdasco,2009,26,9,3300,24,77,84.62,27.77,809,956,263,947
Novak Djokovic,2009,22,3,8310,23,97,84.55,31.17,963,1139,346,1110
Gael Monfils,2009,23,13,2610,24,61,84.41,24.86,612,725,181,728
Juan Martin del Potro,2009,21,5,6785,22,70,84.22,27.26,731,868,238,873
Rafael Nadal,2009,23,2,9205,19,80,83.7,33.56,729,871,295,879
Marin Cilic,2009,21,14,2430,23,69,83.62,26.87,689,824,219,815
Nikolay Davydenko,2009,28,6,4930,26,74,83.16,31.04,716,861,266,857
James Blake,2009,30,44,935,21,45,82.41,19.17,445,540,102,532
Philipp Kohlschreiber,2009,26,27,1260,28,65,82.29,24.01,646,785,187,779
Nicolas Almagro,2009,24,26,1305,26,54,82.01,20.99,588,717,149,710
Jeremy Chardy,2009,22,32,1102,31,63,81.97,19.25,600,732,143,743
Gilles Simon,2009,25,15,2275,27,74,81.94,25.08,735,897,222,885
Tommy Robredo,2009,27,16,2175,27,71,81,25.3,678,837,213,842
Tomas Berdych,2009,24,20,1655,28,62,80.9,22.02,593,733,161,731
Lleyton Hewitt,2009,28,22,1600,21,54,80.9,28.23,538,665,190,673
Stan Wawrinka,2009,24,21,1635,21,51,80.86,25.08,490,606,152,606
Andreas Beck,2009,23,39,1000,27,44,80.86,19.06,431,533,101,530
Jurgen Melzer,2009,28,28,1260,28,65,80.73,21.42,578,716,154,719
Radek Stepanek,2009,31,12,2625,23,68,80.46,24.81,626,778,195,786
Igor Andreev,2009,26,35,1030,33,60,80.03,19.64,569,711,142,723
Victor Hanescu,2009,28,48,905,31,60,79.97,20.65,551,689,140,678
Janko Tipsarevic,2009,25,38,1015,28,55,79.87,23.65,488,611,144,609
Mikhail Youzhny,2009,27,19,1690,31,70,79.8,25.75,636,797,206,800
Marc Gicquel,2009,32,58,744,29,46,78.68,20.88,428,544,114,546
Ernests Gulbis,2009,21,90,555,27,46,78.65,18.2,420,534,97,533
Juan Carlos Ferrero,2009,29,23,1555,25,55,78.34,25.54,510,651,167,654
Paul-Henri Mathieu,2009,27,33,1080,29,57,78.2,19.61,531,679,131,668
David Ferrer,2009,27,17,1870,26,68,77.36,31.54,598,773,240,761
Julien Benneteau,2009,28,46,924,29,54,77.29,21.68,531,687,147,678
Albert Montanes,2009,29,31,1140,28,45,76.33,24.07,403,528,129,536
Florent Serra,2009,28,65,665,33,53,76.04,20.83,476,626,131,629
Juan Monaco,2009,25,30,1170,27,62,75.71,31.26,477,630,201,643
Guillermo Garcia-Lopez,2009,26,41,954,28,55,74.72,26.78,470,629,169,631
Andreas Seppi,2009,25,49,900,31,55,73.58,24.28,479,651,160,659
Viktor Troicki,2009,23,29,1175,30,61,73.37,25.27,460,627,162,641
Igor Kunitsyn,2009,NA,NA,NA,NA,47,71.74,21.17,396,552,119,562
Rainer Schuettler,2009,33,85,575,31,45,69.83,22.94,368,527,120,523
Fabio Fognini,2009,22,54,790,29,46,65.74,24.9,330,502,127,510
Andy Roddick,2010,28,8,3665,21,66,91.13,17.65,791,868,150,850
Rafael Nadal,2010,24,1,12450,20,81,90.11,29.34,902,1001,294,1002
John Isner,2010,25,19,1850,24,62,89.85,11.42,823,916,103,902
Roger Federer,2010,29,2,9145,21,78,89.29,27.23,875,980,259,951
Tomas Berdych,2010,25,6,3955,26,71,86.81,24.15,750,864,207,857
Sam Querrey,2010,23,18,1860,27,63,86.17,20,698,810,160,800
Jo-Wilfried Tsonga,2010,25,13,2345,20,47,86,20.97,522,607,125,596
Robin Soderling,2010,26,5,5580,24,79,85.99,25.14,810,942,232,923
Feliciano Lopez,2010,29,32,1300,25,50,85.03,16.1,494,581,95,590
Mardy Fish,2010,29,16,1991,20,54,84.85,23.24,549,647,149,641
Thiemo de Bakker,2010,22,43,975,23,52,84.52,19.11,524,620,120,628
Stan Wawrinka,2010,25,21,1755,22,55,84.4,24.76,541,641,155,626
Ernests Gulbis,2010,22,24,1505,22,51,84.32,19.08,457,542,104,545
Nicolas Almagro,2010,25,15,2160,27,70,84.3,20.78,757,898,187,900
Marin Cilic,2010,22,14,2300,24,62,84.14,23.75,647,769,181,762
Ivan Ljubicic,2010,31,17,1965,23,45,84.01,19.2,473,563,106,552
Richard Gasquet,2010,24,30,1385,28,60,83.98,23.1,608,724,164,710
Andy Murray,2010,23,4,5760,19,64,83.57,30.22,661,791,233,771
Michael Llodra,2010,30,23,1575,26,51,83.48,19.33,460,551,104,538
Gael Monfils,2010,24,12,2560,24,66,82.72,22.93,656,793,183,798
Jurgen Melzer,2010,29,11,2785,27,76,82.71,23.95,756,914,222,927
Philipp Kohlschreiber,2010,27,34,1215,26,61,82.57,24.76,597,723,178,719
Novak Djokovic,2010,23,3,6240,21,79,82.25,32.2,746,907,284,882
Nikolay Davydenko,2010,29,22,1655,25,49,81.79,28.57,458,560,160,560
Janko Tipsarevic,2010,26,49,935,26,48,81.75,20.27,421,515,105,518
Victor Hanescu,2010,29,51,915,26,50,81.61,17.83,488,598,107,600
David Ferrer,2010,28,7,3735,24,84,81.37,31.18,773,950,295,946
Jarkko Nieminen,2010,29,39,1062,32,57,81.17,22.32,543,669,148,663
Juan Carlos Ferrero,2010,30,29,1415,23,47,80.78,32.04,433,536,173,540
Benjamin Becker,2010,29,53,877,32,60,80.68,20.27,522,647,133,656
Mikhail Youzhny,2010,28,10,2920,24,62,80.54,27.37,621,771,211,771
Fernando Verdasco,2010,27,9,3240,25,65,80.22,27.12,665,829,224,826
Marcos Baghdatis,2010,25,20,1785,29,70,80.19,23.87,660,823,195,817
Santiago Giraldo,2010,23,64,785,30,44,80.08,18.53,386,482,91,491
Viktor Troicki,2010,24,28,1430,28,67,79.89,26.58,576,721,193,726
Denis Istomin,2010,24,40,1031,30,61,79.72,21.23,574,720,152,716
Michael Berrer,2010,30,58,835,30,48,79.69,16.55,459,576,95,574
Albert Montanes,2010,30,25,1495,29,61,79.56,24.52,576,724,180,734
Xavier Malisse,2010,30,60,816,27,45,79.42,19.86,440,554,111,559
Potito Starace,2010,29,47,945,34,51,78.74,23.71,426,541,129,544
Jeremy Chardy,2010,23,45,960,30,55,78.25,19.3,493,630,121,627
Guillermo Garcia-Lopez,2010,27,33,1275,26,54,78.1,23.1,517,662,152,658
Alexandr Dolgopolov,2010,22,48,940,29,44,78.07,19.04,438,561,107,562
Thomaz Bellucci,2010,22,31,1355,27,59,77.76,23.98,549,706,171,713
Andrey Golubev,2010,23,36,1135,30,45,77.5,20.99,341,440,93,443
Sergiy Stakhovsky,2010,24,46,945,27,52,77.21,19.34,454,588,111,574
Horacio Zeballos,2010,NA,NA,NA,NA,44,76.39,14.62,385,504,75,513
Juan Monaco,2010,26,26,1480,22,50,76.2,27.88,445,584,162,581
Andreas Seppi,2010,26,52,900,32,52,76.17,22.77,473,621,143,628
Julien Benneteau,2010,29,44,965,21,45,75.94,23.05,426,561,130,564
Florent Serra,2010,29,69,715,32,46,75.17,20.83,439,584,121,581
Juan Ignacio Chela,2010,31,38,1070,27,52,72.85,32.22,432,593,193,599
John Isner,2011,26,18,1800,25,55,90.69,12.87,711,784,99,769
Roger Federer,2011,30,3,8170,19,73,89.6,28.05,810,904,246,877
Milos Raonic,2011,20,31,1255,24,47,88.19,15.87,530,601,96,605
Juan Martin del Potro,2011,23,11,2315,22,61,88.16,25.78,618,701,181,702
Andy Roddick,2011,29,14,1940,20,47,86.56,21.52,496,573,122,567
Jo-Wilfried Tsonga,2011,26,6,4335,25,77,86.49,21.26,864,999,210,988
Novak Djokovic,2011,24,1,13630,19,75,86.43,38.84,777,899,334,860
Kevin Anderson,2011,25,32,1235,29,66,85.7,20.15,701,818,163,809
Feliciano Lopez,2011,30,20,1755,28,60,85.57,14.96,670,783,117,782
Tomas Berdych,2011,26,7,3700,24,73,84.84,27.99,705,831,227,811
Robin Soderling,2011,27,13,2120,22,46,84.51,27.45,491,581,154,561
Janko Tipsarevic,2011,27,9,2595,28,74,84.23,28.07,705,837,233,830
Mardy Fish,2011,30,8,2965,24,66,84.23,25.06,673,799,198,790
David Ferrer,2011,29,5,4925,23,74,83.45,32.73,746,894,287,877
Rafael Nadal,2011,25,2,9595,20,78,83.26,34.49,786,944,328,951
Ivan Ljubicic,2011,32,30,1270,22,44,83.03,20.44,460,554,112,548
Marin Cilic,2011,23,21,1665,25,62,82.94,23.78,603,727,175,736
Nicolas Almagro,2011,26,10,2380,27,70,82.4,22.49,721,875,195,867
Richard Gasquet,2011,25,19,1765,21,51,82.1,26.02,500,609,153,588
Philipp Petzschner,2011,27,63,780,27,44,81.53,20.77,437,536,113,544
Gael Monfils,2011,25,16,1910,23,53,81.23,24.96,567,698,174,697
Fernando Verdasco,2011,28,24,1550,25,58,80.86,23.51,583,721,170,723
Andy Murray,2011,24,4,7380,19,65,80.44,36.09,654,813,292,809
Philipp Kohlschreiber,2011,28,43,960,27,54,80.19,20.4,510,636,131,642
Stan Wawrinka,2011,26,17,1820,23,52,80.14,24.78,561,700,172,694
Marcos Baghdatis,2011,26,44,940,27,53,79.82,21.91,534,669,147,671
Xavier Malisse,2011,31,49,910,27,48,79.72,25.39,452,567,146,575
Alexandr Dolgopolov,2011,23,15,1925,30,67,78.63,24.39,633,805,199,816
Radek Stepanek,2011,33,28,1275,27,54,78.36,24.55,478,610,150,611
Alex Bogomolov Jr.,2011,28,34,1135,30,48,78.19,24.14,459,587,140,580
Thomaz Bellucci,2011,23,37,1060,26,47,77.98,22.76,478,613,142,624
Gilles Simon,2011,26,12,2165,28,63,77.8,28.29,638,820,228,806
Florian Mayer,2011,28,23,1630,27,69,77.63,27.71,583,751,212,765
Mikhail Youzhny,2011,29,35,1105,26,49,77.54,24.29,497,641,153,630
Potito Starace,2011,30,58,825,28,48,77.42,19.96,432,558,112,561
Ivan Dodig,2011,26,36,1065,26,49,77.03,19.41,446,579,112,577
Andreas Seppi,2011,27,38,1015,28,49,76.95,22.76,464,603,137,602
Robin Haase,2011,24,45,926,25,49,76.85,26.18,488,635,166,634
Kei Nishikori,2011,21,25,1430,25,54,76.56,24.72,490,640,156,631
Santiago Giraldo,2011,24,55,890,26,55,76.32,24.43,506,663,162,663
Viktor Troicki,2011,25,22,1655,26,61,76.22,27.8,532,698,196,705
Marcel Granollers,2011,25,27,1335,25,52,75.13,25.43,429,571,147,578
Sergiy Stakhovsky,2011,25,62,780,29,48,75.04,20.71,427,569,117,565
Albert Montanes,2011,31,53,895,26,47,74.78,25.57,430,575,146,571
Jarkko Nieminen,2011,30,77,666,27,45,74.56,22.16,425,570,125,564
Nikolay Davydenko,2011,30,41,980,27,50,73.87,28.67,424,574,162,565
Juan Monaco,2011,27,26,1335,26,52,73.56,29.17,448,609,182,624
Juan Ignacio Chela,2011,32,29,1270,28,52,72.93,31.58,466,639,204,646
Guillermo Garcia-Lopez,2011,28,65,755,30,49,72.43,23.26,444,613,144,619
Pablo Andujar,2011,25,46,920,31,53,70.22,27.69,389,554,157,567
Fabio Fognini,2011,24,48,915,32,49,68.21,29.04,412,604,176,606
Milos Raonic,2012,22,13,2380,24,62,92.66,15.13,757,817,123,813
John Isner,2012,27,14,2215,26,60,91.56,10.79,792,865,92,853
Roger Federer,2012,31,2,10265,21,80,90.98,25.88,948,1042,264,1020
Rafael Nadal,2012,26,4,6690,18,48,87.77,37.7,495,564,213,565
Juan Martin del Potro,2012,24,7,4480,23,79,87.46,25,851,973,246,984
Novak Djokovic,2012,25,1,12920,18,87,87.05,34.56,934,1073,357,1033
Tomas Berdych,2012,27,6,4680,24,77,86.88,25.37,828,953,237,934
Jo-Wilfried Tsonga,2012,27,8,3490,26,76,86.13,22.72,838,973,219,964
Feliciano Lopez,2012,31,40,1005,29,53,85.97,15.44,570,663,103,667
Nicolas Almagro,2012,27,11,2515,27,75,85.8,22.42,840,979,217,968
David Ferrer,2012,30,5,6505,25,85,85.46,31.26,858,1004,306,979
Kevin Anderson,2012,26,37,1065,27,56,85.42,15.75,621,727,112,711
Sam Querrey,2012,25,22,1650,28,61,85.3,18.14,679,796,142,783
Philipp Kohlschreiber,2012,29,20,1770,27,66,84.76,21.81,723,853,186,853
Andy Murray,2012,25,3,8000,20,72,83.86,30.7,800,954,287,935
Richard Gasquet,2012,26,10,2515,23,64,83.77,27.06,645,770,204,754
Janko Tipsarevic,2012,28,9,2990,28,81,83.22,23.26,823,989,231,993
Stan Wawrinka,2012,27,17,1900,22,53,82.37,25.14,598,726,179,712
Tommy Haas,2012,34,21,1695,21,47,82.3,24.46,465,565,136,556
Jeremy Chardy,2012,25,32,1131,23,44,81.57,20.97,425,521,112,534
Fernando Verdasco,2012,29,24,1490,25,54,81.43,24.02,513,630,154,641
Alexandr Dolgopolov,2012,24,18,1855,26,59,80.97,23.21,600,741,172,741
Denis Istomin,2012,26,43,897,33,57,80.66,18.98,584,724,137,722
Marin Cilic,2012,24,15,2210,23,56,80.64,26.78,558,692,181,676
Marcos Baghdatis,2012,27,36,1070,25,58,80.58,22.85,552,685,157,687
Ryan Harrison,2012,20,69,710,23,44,80.55,18.15,443,550,98,540
Mikhail Youzhny,2012,30,25,1335,25,54,80.15,25.89,529,660,168,649
Xavier Malisse,2012,32,63,746,27,45,79.92,19.96,418,523,106,531
Julien Benneteau,2012,31,35,1075,26,49,79.26,23.66,512,646,155,655
Radek Stepanek,2012,34,31,1135,23,45,79.02,22.26,437,553,122,548
Thomaz Bellucci,2012,25,33,1112,26,45,78.77,22.6,434,551,125,553
Kei Nishikori,2012,23,19,1830,23,52,78.25,30.99,482,616,194,626
Florian Mayer,2012,29,28,1215,28,45,78.13,21.32,400,512,110,516
Andreas Seppi,2012,28,23,1560,31,61,77.81,25.13,568,730,188,748
Bernard Tomic,2012,20,52,825,27,48,77.05,19.27,450,584,111,576
Juan Monaco,2012,28,12,2430,24,55,76.97,31.3,518,673,210,671
Gilles Simon,2012,28,16,2165,27,66,76.95,28.91,621,807,233,806
Lukasz Kubot,2012,30,74,675,27,48,75.44,23.13,427,566,130,562
Jarkko Nieminen,2012,31,41,927,29,51,74.78,23.46,433,579,133,567
Albert Ramos-Vinolas,2012,24,50,830,30,55,74.24,24.01,464,625,151,629
Marcel Granollers,2012,26,34,1100,26,45,73.84,22.97,412,558,130,566
Viktor Troicki,2012,26,38,1055,29,52,73.76,24.66,492,667,164,665
Nikolay Davydenko,2012,31,44,885,25,47,73.69,26.79,409,555,150,560
Benoit Paire,2012,23,47,867,29,52,73.17,26.01,480,656,168,646
Guillermo Garcia-Lopez,2012,29,76,667,29,45,72.81,23.01,399,548,127,552
Carlos Berlocq,2012,29,66,720,32,55,71.57,28.92,438,612,179,619
Fabio Fognini,2012,25,45,880,28,45,69.54,25.75,395,568,145,563
Pablo Andujar,2012,26,42,915,30,48,67.18,26.15,391,582,154,589
Milos Raonic,2013,23,11,2860,24,60,91.37,15.69,699,765,120,765
John Isner,2013,28,14,2150,26,60,90.05,12.17,751,834,101,830
Rafael Nadal,2013,27,1,13030,20,81,88.06,33.84,804,913,310,916
Jo-Wilfried Tsonga,2013,28,10,3065,21,52,88.01,20.76,587,667,136,655
Novak Djokovic,2013,26,2,12260,18,76,87.97,33.23,870,989,319,960
Roger Federer,2013,32,6,4205,19,62,86.63,25.93,687,793,203,783
Juan Martin del Potro,2013,25,5,5255,21,67,86.49,23.52,749,866,203,863
Tomas Berdych,2013,28,7,4180,24,74,85.98,25.08,791,920,227,905
Kevin Anderson,2013,27,20,1685,23,60,85.64,17.96,668,780,139,774
Nicolas Almagro,2013,28,13,2290,23,65,84.92,24.75,676,796,195,788
Stan Wawrinka,2013,28,8,3730,25,71,84.75,23.33,778,918,210,900
Philipp Kohlschreiber,2013,30,22,1525,27,55,84.66,18.65,585,691,130,697
Daniel Brands,2013,26,54,836,24,46,84.56,14.39,471,557,80,556
Andy Murray,2013,26,4,5790,19,49,84.52,31.02,535,633,197,635
Sam Querrey,2013,26,46,960,25,45,83.84,16.07,498,594,95,591
Tommy Haas,2013,35,12,2435,26,68,83.59,23.74,713,853,198,834
Feliciano Lopez,2013,32,28,1310,22,49,83.52,17.14,532,637,108,630
Grigor Dimitrov,2013,22,23,1520,24,58,83.45,21.56,575,689,144,668
Richard Gasquet,2013,27,9,3300,25,71,83.19,25.47,767,922,231,907
Ernests Gulbis,2013,25,24,1393,23,50,83.12,25.21,512,616,152,603
Denis Istomin,2013,27,45,965,30,59,82.3,18.39,609,740,135,734
Ivan Dodig,2013,28,33,1190,25,56,81.51,23.14,573,703,162,700
Jeremy Chardy,2013,26,34,1175,25,47,81.41,17.82,508,624,111,623
Fernando Verdasco,2013,30,30,1235,25,50,81.12,21.43,550,678,147,686
Dmitry Tursunov,2013,31,29,1244,22,50,80.97,21.69,485,599,128,590
Robin Haase,2013,26,43,977,29,54,80.38,20.38,557,693,141,692
Gael Monfils,2013,27,31,1230,24,55,80.32,25.29,551,686,175,692
Mikhail Youzhny,2013,31,15,2145,26,63,79.86,24.85,662,829,201,809
Edouard Roger-Vasselin,2013,30,52,908,28,49,78.95,21.38,480,608,130,608
Tommy Robredo,2013,31,18,1810,24,56,78.68,26.7,550,699,188,704
David Ferrer,2013,31,3,5800,24,84,78.52,33.01,837,1066,340,1030
Lukas Rosol,2013,28,47,956,33,46,78.24,19.49,428,547,106,544
Kei Nishikori,2013,24,17,1915,21,53,77.78,30.02,462,594,181,603
Florian Mayer,2013,30,40,1065,29,52,77.67,22.76,466,600,140,615
Jurgen Melzer,2013,32,27,1315,27,48,77.44,21,460,594,126,600
Jarkko Nieminen,2013,32,39,1090,29,57,77.18,24.12,558,723,171,709
Julien Benneteau,2013,32,35,1160,25,52,77.15,23.77,493,639,154,648
Alexandr Dolgopolov,2013,25,57,825,27,46,76.92,21.19,410,533,114,538
Andreas Seppi,2013,29,25,1360,29,55,76.67,23.27,562,733,172,739
Carlos Berlocq,2013,30,41,1020,26,49,76.24,25.13,430,564,141,561
Benoit Paire,2013,24,26,1345,32,62,75.94,24.27,565,744,182,750
Roberto Bautista Agut,2013,25,58,810,24,48,75.4,25.22,429,569,143,567
Marcel Granollers,2013,27,38,1110,26,50,74.92,23.64,448,598,143,605
Nikolay Davydenko,2013,32,53,890,25,44,74.9,27.79,367,490,137,493
Gilles Simon,2013,29,19,1790,25,58,73.77,27.39,523,709,195,712
Fabio Fognini,2013,26,16,1930,29,67,72.68,30.74,556,765,237,771
Pablo Andujar,2013,27,48,946,32,49,69.66,22.16,388,557,125,564
John Isner,2014,29,19,1890,24,57,93.06,9.28,724,778,72,776
Ivo Karlovic,2014,35,27,1320,28,64,92.65,8.78,744,803,71,809
Roger Federer,2014,33,2,9775,19,78,90.75,26.05,922,1016,260,998
Milos Raonic,2014,24,8,4440,21,67,89.97,16.29,807,897,144,884
Novak Djokovic,2014,27,1,11360,17,69,87.71,33.29,785,895,287,862
Jo-Wilfried Tsonga,2014,29,12,2740,20,50,87.28,18.15,583,668,120,661
Sam Querrey,2014,27,35,1090,25,45,86.73,16.39,523,603,98,598
Grigor Dimitrov,2014,23,11,3645,21,67,86.47,22.2,754,872,190,856
Feliciano Lopez,2014,33,14,2130,27,64,86.3,14.69,693,803,119,810
Tomas Berdych,2014,29,7,4600,24,74,86.26,25.31,791,917,227,897
Jack Sock,2014,22,42,934,23,47,86.19,18.72,468,543,102,545
Stan Wawrinka,2014,29,4,5370,19,51,85.92,22.35,592,689,152,680
Kevin Anderson,2014,28,16,2080,24,62,85.91,17.57,701,816,142,808
Rafael Nadal,2014,28,3,6835,19,59,85.27,34.97,608,713,249,712
Ernests Gulbis,2014,26,13,2455,24,62,84.88,21.29,651,767,159,747
Marin Cilic,2014,26,9,4150,25,72,84.86,22.42,768,905,200,892
Tommy Robredo,2014,32,17,2015,26,69,84.57,20.55,773,914,187,910
Philipp Kohlschreiber,2014,31,24,1415,30,61,84.26,23.19,621,737,173,746
Kei Nishikori,2014,24,5,5025,22,66,83.88,27.55,692,825,232,842
Richard Gasquet,2014,28,26,1350,23,47,83.54,20.75,477,571,116,559
Leonardo Mayer,2014,27,28,1299,22,46,82.44,19.3,493,598,115,596
Gael Monfils,2014,28,18,1900,20,47,82.3,27.09,493,599,162,598
Jeremy Chardy,2014,27,29,1240,27,60,82.18,18.8,632,769,147,782
Fernando Verdasco,2014,31,33,1135,23,46,81.86,21.79,528,645,139,638
Edouard Roger-Vasselin,2014,31,87,600,28,49,81.64,17.98,507,621,112,623
Julien Benneteau,2014,33,25,1365,24,47,81.59,21.15,483,592,125,591
Alexandr Dolgopolov,2014,26,23,1455,25,48,81.5,22.61,489,600,135,597
Denis Istomin,2014,28,49,850,27,51,81.27,19.03,525,646,122,641
Roberto Bautista Agut,2014,26,15,2110,24,64,81.13,26.22,662,816,209,797
Andy Murray,2014,27,6,4675,22,75,80.83,31.86,763,944,303,951
Federico Delbonis,2014,24,60,775,30,47,80.72,18.07,448,555,101,559
Yen-Hsun Lu,2014,31,38,993,25,45,79.84,20.67,404,506,105,508
Benjamin Becker,2014,33,40,973,30,53,79.45,20.1,491,618,125,622
David Ferrer,2014,32,10,4045,26,78,78.72,32.84,751,954,309,941
Jerzy Janowicz,2014,24,43,915,24,46,78.5,18.02,493,628,113,627
Lukas Rosol,2014,29,31,1210,31,53,78.44,17.2,484,617,107,622
Gilles Simon,2014,30,21,1730,25,52,78.31,25.78,527,673,173,671
Santiago Giraldo,2014,27,32,1175,28,55,77.88,23.02,493,633,145,630
Dominic Thiem,2014,21,39,989,24,44,77.12,22.16,428,555,125,564
Andreas Seppi,2014,30,45,870,30,50,77.02,21.51,486,631,137,637
Jarkko Nieminen,2014,33,73,693,29,49,76.61,20.44,465,607,120,587
Marinko Matosevic,2014,29,75,682,24,44,76.42,19.89,418,547,108,543
Guillermo Garcia-Lopez,2014,31,36,1040,28,51,73.6,25.94,488,663,173,667
Pablo Andujar,2014,28,41,950,26,44,73.28,28.95,351,479,141,487
Fabio Fognini,2014,27,20,1790,26,60,72.87,27.3,521,715,199,729
Marcel Granollers,2014,28,46,860,29,47,72.67,22.53,436,600,137,608
Joao Sousa,2014,25,54,822,34,57,71.54,19.44,475,664,131,674
Ivo Karlovic,2015,36,23,1485,26,63,95.51,9.6,873,914,87,906
Milos Raonic,2015,25,14,2170,20,47,93.97,12.24,608,647,77,629
John Isner,2015,30,11,2495,25,68,93.27,10.79,846,907,96,890
Roger Federer,2015,34,3,8265,18,72,91.91,27.31,818,890,239,875
Novak Djokovic,2015,28,1,16585,18,87,89.46,34.44,968,1082,364,1057
Kevin Anderson,2015,29,12,2475,25,70,88.64,15.67,835,942,146,932
Jo-Wilfried Tsonga,2015,30,10,2635,18,47,88.06,20.43,575,653,133,651
Gilles Muller,2015,32,38,1105,25,55,87.19,14.47,626,718,103,712
Richard Gasquet,2015,29,9,2850,20,60,86.44,22.46,663,767,168,748
Vasek Pospisil,2015,25,39,1075,24,46,86.06,14.45,531,617,87,602
Stan Wawrinka,2015,30,4,6865,23,72,86,21.4,848,986,205,958
Sam Querrey,2015,28,59,785,24,44,85.79,14.55,477,556,80,550
Kei Nishikori,2015,25,8,4235,21,66,85.78,26.64,694,809,215,807
Leonardo Mayer,2015,28,35,1150,25,47,85.45,16.55,505,591,97,586
Marin Cilic,2015,27,13,2405,22,54,85.25,18.5,636,746,136,735
Tomas Berdych,2015,30,6,4620,22,79,84.94,25.68,801,943,236,919
Feliciano Lopez,2015,34,17,1690,26,58,84.89,16.29,680,801,131,804
Gael Monfils,2015,29,24,1485,22,51,84.37,22.32,556,659,146,654
Steve Johnson,2015,26,32,1240,29,63,84.26,17.68,680,807,140,792
Simone Bolelli,2015,30,58,790,27,52,84.14,17.83,520,618,110,617
Andy Murray,2015,28,2,8945,20,77,84.02,31.06,820,976,300,966
Dominic Thiem,2015,22,20,1600,30,62,83.75,20.16,634,757,154,764
Fernando Verdasco,2015,32,49,900,26,50,83.72,18.2,581,694,125,687
Bernard Tomic,2015,23,18,1675,29,63,83.67,20.12,697,833,165,820
Rafael Nadal,2015,29,5,5230,23,80,83.32,30.97,804,965,297,959
Jack Sock,2015,23,26,1465,21,51,83.23,22.37,516,620,138,617
Roberto Bautista Agut,2015,27,25,1480,29,70,83.14,23.23,700,842,190,818
Grigor Dimitrov,2015,24,28,1360,23,54,82.59,20.96,574,695,144,687
Philipp Kohlschreiber,2015,32,34,1185,25,51,82.04,25.04,507,618,156,623
Jeremy Chardy,2015,28,31,1255,28,54,81.92,19.15,580,708,135,705
Alexandr Dolgopolov,2015,27,36,1135,26,51,81.08,22.29,510,629,142,637
Sergiy Stakhovsky,2015,29,62,780,31,45,80.92,19.28,458,566,112,581
Viktor Troicki,2015,29,22,1487,30,60,80.8,20.99,644,797,166,791
Jiri Vesely,2015,22,41,1057,32,51,80.39,19.58,496,617,121,618
David Ferrer,2015,33,7,4305,20,69,80,33.62,660,825,274,815
Marcos Baghdatis,2015,30,46,933,23,45,79.93,23.25,462,578,133,572
Pablo Cuevas,2015,29,40,1065,27,53,79.88,21.89,528,661,146,667
Thomaz Bellucci,2015,27,37,1105,30,56,78.83,21.45,540,685,148,690
Joao Sousa,2015,26,33,1191,31,64,78.8,21.82,606,769,170,779
Guillermo Garcia-Lopez,2015,32,27,1430,27,56,78.42,26.32,545,695,185,703
David Goffin,2015,25,16,1880,26,57,78.25,27.59,536,685,192,696
Adrian Mannarino,2015,27,47,930,32,57,78.06,23.1,530,679,158,684
Lukas Rosol,2015,30,55,797,31,47,78.05,17.47,473,606,105,601
Andreas Seppi,2015,31,29,1360,26,49,77.59,23.62,471,607,145,614
Andreas Haider-Maurer,2015,28,63,775,29,45,76.52,18.01,414,541,96,533
Gilles Simon,2015,31,15,2145,24,63,76.4,30.54,612,801,244,799
Santiago Giraldo,2015,28,70,716,30,46,75.69,21.64,386,510,111,513
Borna Coric,2015,19,44,941,30,51,75.29,19.14,460,611,120,627
Martin Klizan,2015,26,43,980,30,51,75.12,19,462,615,118,621
Fabio Fognini,2015,28,21,1515,26,55,73.5,27.37,477,649,179,654
John Isner,2016,31,19,1850,21,50,93.24,10.72,703,754,80,746
Ivo Karlovic,2016,37,20,1795,24,54,92.74,7.43,690,744,55,740
Milos Raonic,2016,25,3,5450,19,69,90.56,18.37,825,911,164,893
Nick Kyrgios,2016,21,13,2460,20,53,88.72,19.7,598,674,130,660
Gilles Muller,2016,33,34,1255,24,59,87.99,14.89,630,716,105,705
Jo-Wilfried Tsonga,2016,31,12,2550,17,51,87.66,20.79,561,640,131,630
Marin Cilic,2016,28,6,3650,22,65,86.91,23.05,677,779,177,768
Novak Djokovic,2016,29,2,11780,17,72,86.21,34.47,725,841,282,818
Stan Wawrinka,2016,31,4,5315,21,64,86.05,23.42,740,860,196,837
Sam Querrey,2016,29,31,1355,25,51,85.32,16.1,581,681,108,671
Andy Murray,2016,29,1,12410,16,83,85.13,36.75,859,1009,359,977
Tomas Berdych,2016,31,10,3060,21,57,84.86,21.87,628,740,159,727
Steve Johnson,2016,27,33,1320,28,58,84.56,17.72,564,667,118,666
Pablo Cuevas,2016,30,22,1780,25,57,84.49,20.56,599,709,147,715
Feliciano Lopez,2016,35,28,1410,25,53,84.3,17.07,596,707,120,703
Jack Sock,2016,24,23,1710,19,55,84.19,20.48,591,702,144,703
Gael Monfils,2016,30,7,3625,18,60,83.36,30.45,551,661,201,660
Kei Nishikori,2016,26,5,4905,20,77,83.12,30.16,729,877,266,882
Dominic Thiem,2016,23,8,3415,28,80,82.67,23.81,816,987,235,987
Bernard Tomic,2016,24,26,1465,25,51,82.54,18.33,553,670,121,660
Grigor Dimitrov,2016,25,17,2035,25,65,81.36,21.73,694,853,183,842
Rafael Nadal,2016,30,9,3300,16,53,81,40.75,439,542,216,530
Philipp Kohlschreiber,2016,33,32,1325,23,51,80.95,23.89,459,567,135,565
Nicolas Almagro,2016,31,44,1013,26,44,80.88,19.93,478,591,118,592
Alexander Zverev,2016,19,24,1655,24,66,80.39,24.71,693,862,214,866
Lucas Pouille,2016,22,15,2156,24,53,80.38,19.84,586,729,145,731
Fernando Verdasco,2016,33,42,1035,27,55,80.12,23.22,528,659,153,659
Roberto Bautista Agut,2016,28,14,2350,25,69,80.07,28.02,675,843,232,828
Andrey Kuznetsov,2016,25,46,970,21,47,80,23.43,440,550,131,559
Federico Delbonis,2016,26,41,1040,23,47,79.44,22.7,479,603,138,608
Richard Gasquet,2016,30,18,1885,20,50,78.99,29.22,455,576,168,575
Marcos Baghdatis,2016,31,36,1140,23,49,78.97,22.47,458,580,133,592
David Ferrer,2016,34,21,1785,22,56,78.76,29.11,519,659,193,663
Viktor Troicki,2016,30,29,1385,28,61,78.53,21.05,600,764,160,760
David Goffin,2016,26,11,2750,24,71,77.91,31.04,677,869,275,886
Pablo Carreno Busta,2016,25,30,1370,28,66,77.42,26.95,600,775,207,768
Marcel Granollers,2016,30,37,1136,28,46,77.01,22.32,412,535,121,542
Albert Ramos-Vinolas,2016,28,27,1435,32,65,76.95,24.72,621,807,200,809
Guillermo Garcia-Lopez,2016,33,70,725,31,53,76.37,19.28,488,639,124,643
Adrian Mannarino,2016,28,60,791,31,54,75.5,24,490,649,156,650
Fabio Fognini,2016,29,49,945,24,47,74.01,31.1,393,531,167,537
Gilles Simon,2016,31,25,1585,25,58,73.66,28.67,523,710,203,708
Joao Sousa,2016,27,43,1030,32,58,73.65,22.88,517,702,162,708
Paolo Lorenzi,2016,35,40,1090,31,49,72.97,25.41,405,555,141,555
Benoit Paire,2016,27,47,960,32,55,70.49,24.78,473,671,168,678
John Isner,2017,32,17,2265,24,57,92.91,9.36,747,804,74,791
Roger Federer,2017,36,2,9605,17,57,91.32,26.72,684,749,198,741
Kevin Anderson,2017,31,14,2480,22,53,90.4,16.02,650,719,112,699
Gilles Muller,2017,34,25,1695,22,50,89.76,14.03,596,664,93,663
Rafael Nadal,2017,31,1,10645,18,78,89.24,32.71,838,939,297,908
Jo-Wilfried Tsonga,2017,32,15,2320,20,49,88.41,23.33,557,630,147,630
Tomas Berdych,2017,32,19,2095,19,53,86.88,19.79,576,663,129,652
Grigor Dimitrov,2017,26,3,5150,23,68,86.72,23.73,751,866,201,847
Sam Querrey,2017,30,13,2535,23,55,85.17,21.48,626,735,154,717
Marin Cilic,2017,29,6,3805,22,64,85.14,23.59,716,841,193,818
Alexander Zverev,2017,20,4,4610,25,75,84.84,23.18,800,943,216,932
Juan Martin del Potro,2017,29,11,2595,19,54,84.66,21.02,574,678,144,685
Steve Johnson,2017,28,44,1055,26,51,83.85,17.52,545,650,113,645
Borna Coric,2017,21,48,1001,28,50,83.39,17.83,517,620,112,628
Philipp Kohlschreiber,2017,34,29,1440,22,50,83.33,22.96,500,600,141,614
Dominic Thiem,2017,24,5,4015,27,74,83.14,25.16,774,931,234,930
Lucas Pouille,2017,23,18,2235,24,54,83.09,21.47,580,698,149,694
Kyle Edmund,2017,22,50,992,27,56,82.83,21.99,603,728,157,714
Feliciano Lopez,2017,36,36,1295,25,48,82.66,16.9,534,646,108,639
Richard Gasquet,2017,31,31,1375,21,46,82.1,25.96,477,581,149,574
Jan-Lennard Struff,2017,27,53,898,32,55,81.87,17.36,542,662,112,645
Jack Sock,2017,25,8,3165,22,57,81.4,19.65,604,742,146,743
Mischa Zverev,2017,30,33,1302,31,61,81.04,18.01,641,791,143,794
Alexandr Dolgopolov,2017,29,38,1231,24,49,80.77,19.61,462,572,110,561
David Goffin,2017,27,7,3775,26,77,80.62,26.72,757,939,253,947
Karen Khachanov,2017,21,45,1030,28,54,80.12,19.25,556,694,134,696
Roberto Bautista Agut,2017,29,20,2015,24,67,79.47,30.43,662,833,248,815
Paolo Lorenzi,2017,36,43,1095,34,56,78.8,18.21,576,731,134,736
Robin Haase,2017,30,42,1130,30,54,78.69,21.82,517,657,144,660
Albert Ramos-Vinolas,2017,29,23,1845,30,63,78.5,23.08,668,851,198,858
Fernando Verdasco,2017,34,35,1295,25,54,77.96,25.15,520,667,170,676
Daniil Medvedev,2017,21,65,772,25,49,77.82,19.8,463,595,119,601
Hyeon Chung,2017,21,58,844,21,44,77.58,27.95,398,513,147,526
Jiri Vesely,2017,24,62,815,26,46,77.54,20.98,428,552,116,553
Adrian Mannarino,2017,29,28,1635,29,60,77.53,25.99,566,730,190,731
Jared Donaldson,2017,21,54,890,27,46,77.41,21.17,442,571,123,581
Pablo Carreno Busta,2017,26,10,2615,25,59,77.26,27.2,564,730,201,739
Joao Sousa,2017,28,57,850,30,52,76.83,20.75,494,643,132,636
David Ferrer,2017,35,37,1290,23,45,76.34,25.38,455,596,150,591
Donald Young,2017,28,61,816,24,46,75.83,18.86,433,571,106,562
Viktor Troicki,2017,31,55,880,28,50,75.51,18.46,441,584,110,596
Benoit Paire,2017,28,41,1155,33,62,75.48,23.99,548,726,173,721
Fabio Fognini,2017,30,27,1670,24,58,74.89,26.01,534,713,187,719
Damir Dzumhur,2017,25,30,1391,28,57,73.06,30.43,518,709,220,723
Diego Schwartzman,2017,25,26,1675,27,65,72.18,34.76,563,780,276,794
Nikoloz Basilashvili,2017,25,59,826,30,48,71.23,22.76,401,563,127,558
John Isner,2018,33,10,3155,23,54,93.6,9.42,805,860,80,849
Roger Federer,2018,37,3,6420,17,58,91.1,23.89,686,753,178,745
Milos Raonic,2018,28,18,1855,20,45,90.8,15.54,533,587,90,579
Kevin Anderson,2018,32,6,4710,20,66,89.06,15.95,847,951,149,934
Juan Martin del Potro,2018,30,5,5300,18,60,87.61,25.2,672,767,192,762
Novak Djokovic,2018,31,1,9045,17,65,87.23,30.26,724,830,246,813
Marin Cilic,2018,30,7,4250,19,58,86.99,22.79,709,815,183,803
Rafael Nadal,2018,32,2,7480,13,47,86.44,36.55,529,612,216,591
Karen Khachanov,2018,22,11,2835,25,66,86.4,23,724,838,193,839
Steve Johnson,2018,29,33,1190,25,49,85.81,17.64,520,606,106,601
Stefanos Tsitsipas,2018,20,15,2095,30,73,85.2,19.69,783,919,177,899
Dominic Thiem,2018,25,8,4095,25,70,85.18,24.44,753,884,217,888
Kyle Edmund,2018,23,14,2150,23,57,84.4,21.95,622,737,162,738
Borna Coric,2018,22,12,2480,20,54,83.54,26.14,528,632,166,635
Nicolas Jarry,2018,23,43,1022,22,45,82.97,16.59,526,634,105,633
Alexander Zverev,2018,21,4,6385,21,73,82.95,27.6,754,909,252,913
Pierre-Hugues Herbert,2018,27,55,903,25,45,82.79,16.78,505,610,101,602
Jeremy Chardy,2018,31,40,1050,25,45,82.69,16.84,473,572,95,564
Denis Shapovalov,2018,19,27,1440,27,60,82.17,19.4,659,802,154,794
Philipp Kohlschreiber,2018,35,34,1125,23,46,82.09,19.6,486,592,119,607
Leonardo Mayer,2018,31,56,895,25,47,82.06,18.01,485,591,105,583
Frances Tiafoe,2018,20,39,1080,25,52,81.76,17.98,538,658,119,662
Kei Nishikori,2018,29,9,3590,24,64,81.38,24.46,638,784,191,781
Daniil Medvedev,2018,22,16,1977,27,64,81.02,23.14,619,764,177,765
Jan-Lennard Struff,2018,28,57,875,25,47,80.74,18.91,499,618,118,624
Gael Monfils,2018,32,29,1400,24,49,80.65,23.07,525,651,149,646
Roberto Bautista Agut,2018,30,24,1605,24,51,80.1,26.04,499,623,157,603
Alex de Minaur,2018,19,31,1298,26,48,80.07,23.83,478,597,143,600
Peter Gojowczyk,2018,29,59,855,25,48,79.57,17.74,444,558,99,558
Fernando Verdasco,2018,35,28,1410,28,61,79.09,24.81,609,770,193,778
Andreas Seppi,2018,34,37,1106,24,45,79.03,22.82,471,596,136,596
Richard Gasquet,2018,32,26,1535,25,56,78.97,27.01,492,623,168,622
Guido Pella,2018,28,58,860,25,45,78.61,21.88,463,589,128,585
Hyeon Chung,2018,22,25,1585,23,47,78.28,28.24,429,548,157,556
Pablo Carreno Busta,2018,27,23,1705,22,52,78.23,26.17,503,643,168,642
Marco Cecchinato,2018,26,20,1819,30,46,78.2,18.92,470,601,112,592
Dusan Lajovic,2018,28,48,985,25,46,77.98,22.99,464,595,137,596
Gilles Simon,2018,34,30,1370,28,56,77.48,28.4,523,675,190,669
Fabio Fognini,2018,31,13,2315,25,64,77.26,29.43,615,796,236,802
Marton Fucsovics,2018,26,36,1122,27,47,76.98,26.83,438,569,154,574
Robin Haase,2018,31,50,965,28,52,76.94,21.16,544,707,150,709
Joao Sousa,2018,29,44,1017,29,51,76.79,22.74,526,685,156,686
Mischa Zverev,2018,31,69,750,31,48,76.79,20.18,430,560,115,570
Nikoloz Basilashvili,2018,26,21,1795,29,55,75.92,20.72,514,677,139,671
Adrian Mannarino,2018,30,42,1045,29,54,75.82,19.26,511,674,131,680
Albert Ramos-Vinolas,2018,30,65,790,29,46,75.44,17.05,424,562,97,569
Diego Schwartzman,2018,26,17,1880,26,55,74.1,30.67,492,664,207,675
Benoit Paire,2018,29,52,935,29,54,73.4,23.95,505,688,165,689
Damir Dzumhur,2018,26,47,985,31,54,70.27,26.22,442,629,167,637
